scenario,hour,price,soc,charge,discharge
1,1,16.18,0.0,0.0,0.0
1,2,15.45,0.0,0.0,0.0
1,3,16.21,0.0,0.0,0.0
1,4,15.64,0.0,15.263157894736842,0.0
1,5,15.01,14.5,30.0,0.0
1,6,13.9,43.0,30.0,0.0
1,7,15.98,71.5,30.0,0.0
1,8,17.35,100.0,0.0,0.0
1,9,19.39,100.0,0.0,0.0
1,10,19.52,100.0,0.0,0.0
1,11,23.11,100.0,0.0,0.0
1,12,30.01,100.0,0.0,0.0
1,13,38.34,100.0,0.0,0.0
1,14,61.73,100.0,0.0,0.0
1,15,52.57,100.0,0.0,30.0
1,16,74.2,68.42105263157895,0.0,9.090622904148587
1,17,74.29,58.85197589036991,0.0,8.302643915244703
1,18,59.54,50.11235071642811,0.0,14.278619800064495
1,19,46.95,35.08222461109706,0.0,12.966908726687164
1,20,38.73,21.43284700405794,0.0,20.361204653855044
1,21,33.44,0.0,0.0,0.0
1,22,26.34,0.0,0.0,0.0
1,23,25.68,0.0,0.0,0.0
1,24,21.8,0.0,0.0,0.0
2,1,15.67,0.0,0.0,0.0
2,2,17.71,0.0,0.0,0.0
2,3,17.03,0.0,0.0,0.0
2,4,15.84,0.0,15.263157894736842,0.0
2,5,15.59,14.5,30.0,0.0
2,6,14.69,43.0,30.0,0.0
2,7,14.18,71.5,30.0,0.0
2,8,15.04,100.0,0.0,0.0
2,9,15.4,100.0,0.0,0.0
2,10,16.22,100.0,0.0,0.0
2,11,19.21,100.0,0.0,0.0
2,12,25.48,100.0,0.0,0.0
2,13,25.68,100.0,0.0,0.0
2,14,47.86,100.0,0.0,0.0
2,15,57.11,100.0,0.0,30.0
2,16,65.74,68.42105263157895,0.0,9.090622904148587
2,17,70.11,58.85197589036991,0.0,8.302643915244703
2,18,59.42,50.11235071642811,0.0,14.278619800064495
2,19,40.79,35.08222461109706,0.0,12.966908726687164
2,20,31.82,21.43284700405794,0.0,20.361204653855044
2,21,25.36,0.0,0.0,0.0
2,22,19.51,0.0,0.0,0.0
2,23,22.01,0.0,0.0,0.0
2,24,20.42,0.0,0.0,0.0
3,1,26.91,0.0,0.0,0.0
3,2,17.01,0.0,0.0,0.0
3,3,18.99,0.0,0.0,0.0
3,4,17.07,0.0,15.263157894736842,0.0
3,5,16.52,14.5,30.0,0.0
3,6,16.26,43.0,30.0,0.0
3,7,18.54,71.5,30.0,0.0
3,8,18.97,100.0,0.0,0.0
3,9,17.97,100.0,0.0,0.0
3,10,18.07,100.0,0.0,0.0
3,11,18.25,100.0,0.0,0.0
3,12,23.06,100.0,0.0,0.0
3,13,29.38,100.0,0.0,0.0
3,14,50.1,100.0,0.0,0.0
3,15,42.86,100.0,0.0,30.0
3,16,58.39,68.42105263157895,0.0,9.090622904148587
3,17,62.55,58.85197589036991,0.0,8.302643915244703
3,18,63.39,50.11235071642811,0.0,14.278619800064495
3,19,46.56,35.08222461109706,0.0,12.966908726687164
3,20,38.19,21.43284700405794,0.0,20.361204653855044
3,21,33.45,0.0,0.0,0.0
3,22,25.58,0.0,0.0,0.0
3,23,25.69,0.0,0.0,0.0
3,24,21.11,0.0,0.0,0.0
4,1,16.78,0.0,0.0,0.0
4,2,15.75,0.0,0.0,0.0
4,3,14.76,0.0,0.0,0.0
4,4,14.14,0.0,15.263157894736842,0.0
4,5,12.93,14.5,30.0,0.0
4,6,12.23,43.0,30.0,0.0
4,7,12.66,71.5,30.0,0.0
4,8,13.84,100.0,0.0,0.0
4,9,15.86,100.0,0.0,0.0
4,10,16.69,100.0,0.0,0.0
4,11,20.99,100.0,0.0,0.0
4,12,25.68,100.0,0.0,0.0
4,13,25.04,100.0,0.0,0.0
4,14,46.66,100.0,0.0,0.0
4,15,42.33,100.0,0.0,30.0
4,16,57.03,68.42105263157895,0.0,9.090622904148587
4,17,59.97,58.85197589036991,0.0,8.302643915244703
4,18,62.47,50.11235071642811,0.0,14.278619800064495
4,19,62.58,35.08222461109706,0.0,12.966908726687164
4,20,41.67,21.43284700405794,0.0,20.361204653855044
4,21,33.44,0.0,0.0,0.0
4,22,31.02,0.0,0.0,0.0
4,23,26.2,0.0,0.0,0.0
4,24,21.71,0.0,0.0,0.0
5,1,17.69,0.0,0.0,0.0
5,2,18.05,0.0,0.0,0.0
5,3,17.09,0.0,0.0,0.0
5,4,16.6,0.0,15.263157894736842,0.0
5,5,15.92,14.5,30.0,0.0
5,6,14.64,43.0,30.0,0.0
5,7,14.57,71.5,30.0,0.0
5,8,18.17,100.0,0.0,0.0
5,9,23.06,100.0,0.0,0.0
5,10,24.0,100.0,0.0,0.0
5,11,24.32,100.0,0.0,0.0
5,12,30.28,100.0,0.0,0.0
5,13,35.16,100.0,0.0,0.0
5,14,60.74,100.0,0.0,0.0
5,15,68.12,100.0,0.0,30.0
5,16,86.36,68.42105263157895,0.0,9.090622904148587
5,17,92.41,58.85197589036991,0.0,8.302643915244703
5,18,77.17,50.11235071642811,0.0,14.278619800064495
5,19,48.23,35.08222461109706,0.0,12.966908726687164
5,20,36.77,21.43284700405794,0.0,20.361204653855044
5,21,37.43,0.0,0.0,0.0
5,22,36.4,0.0,0.0,0.0
5,23,29.42,0.0,0.0,0.0
5,24,22.36,0.0,0.0,0.0
6,1,18.74,0.0,0.0,0.0
6,2,16.98,0.0,0.0,0.0
6,3,17.07,0.0,0.0,0.0
6,4,16.37,0.0,15.263157894736842,0.0
6,5,16.33,14.5,30.0,0.0
6,6,15.36,43.0,30.0,0.0
6,7,16.0,71.5,30.0,0.0
6,8,17.31,100.0,0.0,0.0
6,9,18.39,100.0,0.0,0.0
6,10,23.35,100.0,0.0,0.0
6,11,24.01,100.0,0.0,0.0
6,12,28.86,100.0,0.0,0.0
6,13,32.39,100.0,0.0,0.0
6,14,57.23,100.0,0.0,0.0
6,15,68.84,100.0,0.0,30.0
6,16,99.34,68.42105263157895,0.0,9.090622904148587
6,17,122.47,58.85197589036991,0.0,8.302643915244703
6,18,84.03,50.11235071642811,0.0,14.278619800064495
6,19,59.28,35.08222461109706,0.0,12.966908726687164
6,20,47.22,21.43284700405794,0.0,20.361204653855044
6,21,34.2,0.0,0.0,0.0
6,22,31.19,0.0,0.0,0.0
6,23,30.15,0.0,0.0,0.0
6,24,29.22,0.0,0.0,0.0
7,1,17.22,0.0,0.0,0.0
7,2,15.34,0.0,0.0,0.0
7,3,16.05,0.0,0.0,0.0
7,4,15.02,0.0,15.263157894736842,0.0
7,5,14.41,14.5,30.0,0.0
7,6,13.0,43.0,30.0,0.0
7,7,13.28,71.5,30.0,0.0
7,8,15.36,100.0,0.0,0.0
7,9,17.61,100.0,0.0,0.0
7,10,18.43,100.0,0.0,0.0
7,11,22.01,100.0,0.0,0.0
7,12,24.11,100.0,0.0,0.0
7,13,26.72,100.0,0.0,0.0
7,14,47.12,100.0,0.0,0.0
7,15,39.76,100.0,0.0,30.0
7,16,61.76,68.42105263157895,0.0,9.090622904148587
7,17,63.1,58.85197589036991,0.0,8.302643915244703
7,18,57.3,50.11235071642811,0.0,14.278619800064495
7,19,41.45,35.08222461109706,0.0,12.966908726687164
7,20,34.04,21.43284700405794,0.0,20.361204653855044
7,21,26.18,0.0,0.0,0.0
7,22,24.04,0.0,0.0,0.0
7,23,24.11,0.0,0.0,0.0
7,24,21.08,0.0,0.0,0.0
8,1,25.02,0.0,0.0,0.0
8,2,15.82,0.0,0.0,0.0
8,3,16.29,0.0,0.0,0.0
8,4,15.03,0.0,15.263157894736842,0.0
8,5,15.04,14.5,30.0,0.0
8,6,13.23,43.0,30.0,0.0
8,7,13.46,71.5,30.0,0.0
8,8,14.93,100.0,0.0,0.0
8,9,17.22,100.0,0.0,0.0
8,10,17.83,100.0,0.0,0.0
8,11,21.31,100.0,0.0,0.0
8,12,21.41,100.0,0.0,0.0
8,13,20.64,100.0,0.0,0.0
8,14,42.57,100.0,0.0,0.0
8,15,103.48,100.0,0.0,30.0
8,16,181.81,68.42105263157895,0.0,9.090622904148587
8,17,196.45,58.85197589036991,0.0,8.302643915244703
8,18,186.54,50.11235071642811,0.0,14.278619800064495
8,19,50.11,35.08222461109706,0.0,12.966908726687164
8,20,37.55,21.43284700405794,0.0,20.361204653855044
8,21,36.09,0.0,0.0,0.0
8,22,32.35,0.0,0.0,0.0
8,23,27.79,0.0,0.0,0.0
8,24,25.47,0.0,0.0,0.0
9,1,19.28,0.0,0.0,0.0
9,2,16.42,0.0,0.0,0.0
9,3,15.77,0.0,0.0,0.0
9,4,14.54,0.0,15.263157894736842,0.0
9,5,13.75,14.5,30.0,0.0
9,6,12.38,43.0,30.0,0.0
9,7,15.03,71.5,30.0,0.0
9,8,17.89,100.0,0.0,0.0
9,9,19.44,100.0,0.0,0.0
9,10,14.91,100.0,0.0,0.0
9,11,20.76,100.0,0.0,0.0
9,12,26.08,100.0,0.0,0.0
9,13,39.9,100.0,0.0,0.0
9,14,72.89,100.0,0.0,0.0
9,15,48.23,100.0,0.0,30.0
9,16,67.82,68.42105263157895,0.0,9.090622904148587
9,17,65.45,58.85197589036991,0.0,8.302643915244703
9,18,189.7,50.11235071642811,0.0,14.278619800064495
9,19,82.82,35.08222461109706,0.0,12.966908726687164
9,20,47.13,21.43284700405794,0.0,20.361204653855044
9,21,34.03,0.0,0.0,0.0
9,22,31.82,0.0,0.0,0.0
9,23,25.93,0.0,0.0,0.0
9,24,23.72,0.0,0.0,0.0
10,1,12.11,0.0,0.0,0.0
10,2,17.11,0.0,0.0,0.0
10,3,16.01,0.0,0.0,0.0
10,4,15.18,0.0,15.263157894736842,0.0
10,5,15.0,14.5,30.0,0.0
10,6,14.3,43.0,30.0,0.0
10,7,15.34,71.5,30.0,0.0
10,8,15.29,100.0,0.0,0.0
10,9,16.12,100.0,0.0,0.0
10,10,16.95,100.0,0.0,0.0
10,11,19.91,100.0,0.0,0.0
10,12,28.39,100.0,0.0,0.0
10,13,30.71,100.0,0.0,0.0
10,14,50.59,100.0,0.0,0.0
10,15,52.18,100.0,0.0,30.0
10,16,75.05,68.42105263157895,0.0,9.090622904148587
10,17,76.44,58.85197589036991,0.0,8.302643915244703
10,18,62.43,50.11235071642811,0.0,14.278619800064495
10,19,43.68,35.08222461109706,0.0,12.966908726687164
10,20,38.2,21.43284700405794,0.0,20.361204653855044
10,21,33.21,0.0,0.0,0.0
10,22,22.18,0.0,0.0,0.0
10,23,25.42,0.0,0.0,0.0
10,24,19.31,0.0,0.0,0.0
11,1,14.81,0.0,0.0,0.0
11,2,17.26,0.0,0.0,0.0
11,3,16.36,0.0,0.0,0.0
11,4,16.98,0.0,15.263157894736842,0.0
11,5,16.15,14.5,30.0,0.0
11,6,15.17,43.0,30.0,0.0
11,7,17.09,71.5,30.0,0.0
11,8,18.03,100.0,0.0,0.0
11,9,21.05,100.0,0.0,0.0
11,10,24.85,100.0,0.0,0.0
11,11,22.12,100.0,0.0,0.0
11,12,29.77,100.0,0.0,0.0
11,13,31.7,100.0,0.0,0.0
11,14,49.7,100.0,0.0,0.0
11,15,49.22,100.0,0.0,30.0
11,16,78.72,68.42105263157895,0.0,9.090622904148587
11,17,85.08,58.85197589036991,0.0,8.302643915244703
11,18,63.47,50.11235071642811,0.0,14.278619800064495
11,19,43.91,35.08222461109706,0.0,12.966908726687164
11,20,34.72,21.43284700405794,0.0,20.361204653855044
11,21,31.48,0.0,0.0,0.0
11,22,31.35,0.0,0.0,0.0
11,23,24.0,0.0,0.0,0.0
11,24,21.79,0.0,0.0,0.0
12,1,17.26,0.0,0.0,0.0
12,2,16.09,0.0,0.0,0.0
12,3,16.74,0.0,0.0,0.0
12,4,15.88,0.0,15.263157894736842,0.0
12,5,0.75,14.5,30.0,0.0
12,6,7.47,43.0,30.0,0.0
12,7,10.4,71.5,30.0,0.0
12,8,14.2,100.0,0.0,0.0
12,9,16.53,100.0,0.0,0.0
12,10,18.39,100.0,0.0,0.0
12,11,22.73,100.0,0.0,0.0
12,12,28.87,100.0,0.0,0.0
12,13,35.74,100.0,0.0,0.0
12,14,61.73,100.0,0.0,0.0
12,15,58.21,100.0,0.0,30.0
12,16,77.17,68.42105263157895,0.0,9.090622904148587
12,17,76.51,58.85197589036991,0.0,8.302643915244703
12,18,66.12,50.11235071642811,0.0,14.278619800064495
12,19,48.82,35.08222461109706,0.0,12.966908726687164
12,20,36.74,21.43284700405794,0.0,20.361204653855044
12,21,30.85,0.0,0.0,0.0
12,22,26.6,0.0,0.0,0.0
12,23,24.54,0.0,0.0,0.0
12,24,23.55,0.0,0.0,0.0
13,1,18.59,0.0,0.0,0.0
13,2,16.7,0.0,0.0,0.0
13,3,15.97,0.0,0.0,0.0
13,4,14.75,0.0,15.263157894736842,0.0
13,5,14.01,14.5,30.0,0.0
13,6,12.42,43.0,30.0,0.0
13,7,12.52,71.5,30.0,0.0
13,8,13.29,100.0,0.0,0.0
13,9,17.14,100.0,0.0,0.0
13,10,18.3,100.0,0.0,0.0
13,11,21.07,100.0,0.0,0.0
13,12,25.03,100.0,0.0,0.0
13,13,27.33,100.0,0.0,0.0
13,14,52.83,100.0,0.0,0.0
13,15,50.96,100.0,0.0,30.0
13,16,77.63,68.42105263157895,0.0,9.090622904148587
13,17,87.1,58.85197589036991,0.0,8.302643915244703
13,18,70.74,50.11235071642811,0.0,14.278619800064495
13,19,48.05,35.08222461109706,0.0,12.966908726687164
13,20,35.53,21.43284700405794,0.0,20.361204653855044
13,21,32.07,0.0,0.0,0.0
13,22,37.0,0.0,0.0,0.0
13,23,27.62,0.0,0.0,0.0
13,24,22.24,0.0,0.0,0.0
14,1,20.48,0.0,0.0,0.0
14,2,16.66,0.0,0.0,0.0
14,3,16.7,0.0,0.0,0.0
14,4,16.84,0.0,15.263157894736842,0.0
14,5,16.31,14.5,30.0,0.0
14,6,15.68,43.0,30.0,0.0
14,7,16.85,71.5,30.0,0.0
14,8,15.97,100.0,0.0,0.0
14,9,16.33,100.0,0.0,0.0
14,10,16.92,100.0,0.0,0.0
14,11,16.25,100.0,0.0,0.0
14,12,21.55,100.0,0.0,0.0
14,13,21.86,100.0,0.0,0.0
14,14,32.39,100.0,0.0,0.0
14,15,32.52,100.0,0.0,30.0
14,16,56.67,68.42105263157895,0.0,9.090622904148587
14,17,20.01,58.85197589036991,0.0,8.302643915244703
14,18,240.91,50.11235071642811,0.0,14.278619800064495
14,19,292.98,35.08222461109706,0.0,12.966908726687164
14,20,74.94,21.43284700405794,0.0,20.361204653855044
14,21,325.43,0.0,0.0,0.0
14,22,39.38,0.0,0.0,0.0
14,23,36.8,0.0,0.0,0.0
14,24,31.61,0.0,0.0,0.0
15,1,16.01,0.0,0.0,0.0
15,2,15.38,0.0,0.0,0.0
15,3,15.96,0.0,0.0,0.0
15,4,14.97,0.0,15.263157894736842,0.0
15,5,14.8,14.5,30.0,0.0
15,6,13.44,43.0,30.0,0.0
15,7,14.27,71.5,30.0,0.0
15,8,15.14,100.0,0.0,0.0
15,9,17.88,100.0,0.0,0.0
15,10,17.71,100.0,0.0,0.0
15,11,17.71,100.0,0.0,0.0
15,12,23.3,100.0,0.0,0.0
15,13,25.41,100.0,0.0,0.0
15,14,48.84,100.0,0.0,0.0
15,15,35.67,100.0,0.0,30.0
15,16,64.25,68.42105263157895,0.0,9.090622904148587
15,17,69.57,58.85197589036991,0.0,8.302643915244703
15,18,62.96,50.11235071642811,0.0,14.278619800064495
15,19,42.16,35.08222461109706,0.0,12.966908726687164
15,20,36.24,21.43284700405794,0.0,20.361204653855044
15,21,26.9,0.0,0.0,0.0
15,22,19.96,0.0,0.0,0.0
15,23,21.89,0.0,0.0,0.0
15,24,22.27,0.0,0.0,0.0
16,1,15.95,0.0,0.0,0.0
16,2,15.43,0.0,0.0,0.0
16,3,15.67,0.0,0.0,0.0
16,4,14.57,0.0,15.263157894736842,0.0
16,5,14.51,14.5,30.0,0.0
16,6,13.76,43.0,30.0,0.0
16,7,15.46,71.5,30.0,0.0
16,8,16.58,100.0,0.0,0.0
16,9,17.16,100.0,0.0,0.0
16,10,16.98,100.0,0.0,0.0
16,11,19.59,100.0,0.0,0.0
16,12,27.81,100.0,0.0,0.0
16,13,32.87,100.0,0.0,0.0
16,14,55.4,100.0,0.0,0.0
16,15,42.71,100.0,0.0,30.0
16,16,52.44,68.42105263157895,0.0,9.090622904148587
16,17,78.24,58.85197589036991,0.0,8.302643915244703
16,18,139.6,50.11235071642811,0.0,14.278619800064495
16,19,183.46,35.08222461109706,0.0,12.966908726687164
16,20,68.44,21.43284700405794,0.0,20.361204653855044
16,21,59.69,0.0,0.0,0.0
16,22,31.56,0.0,0.0,0.0
16,23,30.13,0.0,0.0,0.0
16,24,20.55,0.0,0.0,0.0
17,1,18.98,0.0,0.0,0.0
17,2,16.93,0.0,0.0,0.0
17,3,16.94,0.0,0.0,0.0
17,4,16.06,0.0,15.263157894736842,0.0
17,5,15.69,14.5,30.0,0.0
17,6,14.42,43.0,30.0,0.0
17,7,15.16,71.5,30.0,0.0
17,8,16.11,100.0,0.0,0.0
17,9,17.76,100.0,0.0,0.0
17,10,23.88,100.0,0.0,0.0
17,11,23.59,100.0,0.0,0.0
17,12,29.1,100.0,0.0,0.0
17,13,31.44,100.0,0.0,0.0
17,14,56.63,100.0,0.0,0.0
17,15,44.62,100.0,0.0,30.0
17,16,53.4,68.42105263157895,0.0,9.090622904148587
17,17,72.74,58.85197589036991,0.0,8.302643915244703
17,18,65.65,50.11235071642811,0.0,14.278619800064495
17,19,54.74,35.08222461109706,0.0,12.966908726687164
17,20,41.29,21.43284700405794,0.0,20.361204653855044
17,21,40.09,0.0,0.0,0.0
17,22,31.08,0.0,0.0,0.0
17,23,30.81,0.0,0.0,0.0
17,24,24.55,0.0,0.0,0.0
18,1,17.5,0.0,0.0,0.0
18,2,16.24,0.0,0.0,0.0
18,3,16.32,0.0,0.0,0.0
18,4,15.24,0.0,15.263157894736842,0.0
18,5,14.55,14.5,30.0,0.0
18,6,12.69,43.0,30.0,0.0
18,7,13.68,71.5,30.0,0.0
18,8,14.01,100.0,0.0,0.0
18,9,15.01,100.0,0.0,0.0
18,10,16.79,100.0,0.0,0.0
18,11,16.21,100.0,0.0,0.0
18,12,20.23,100.0,0.0,0.0
18,13,22.8,100.0,0.0,0.0
18,14,42.01,100.0,0.0,0.0
18,15,27.39,100.0,0.0,30.0
18,16,22.25,68.42105263157895,0.0,9.090622904148587
18,17,12.68,58.85197589036991,0.0,8.302643915244703
18,18,36.9,50.11235071642811,0.0,14.278619800064495
18,19,31.59,35.08222461109706,0.0,12.966908726687164
18,20,31.61,21.43284700405794,0.0,20.361204653855044
18,21,36.54,0.0,0.0,0.0
18,22,25.4,0.0,0.0,0.0
18,23,30.9,0.0,0.0,0.0
18,24,21.52,0.0,0.0,0.0
19,1,18.03,0.0,0.0,0.0
19,2,16.81,0.0,0.0,0.0
19,3,16.34,0.0,0.0,0.0
19,4,15.26,0.0,15.263157894736842,0.0
19,5,15.08,14.5,30.0,0.0
19,6,14.4,43.0,30.0,0.0
19,7,15.8,71.5,30.0,0.0
19,8,16.71,100.0,0.0,0.0
19,9,18.02,100.0,0.0,0.0
19,10,18.02,100.0,0.0,0.0
19,11,19.86,100.0,0.0,0.0
19,12,23.61,100.0,0.0,0.0
19,13,33.18,100.0,0.0,0.0
19,14,52.97,100.0,0.0,0.0
19,15,47.94,100.0,0.0,30.0
19,16,67.55,68.42105263157895,0.0,9.090622904148587
19,17,102.2,58.85197589036991,0.0,8.302643915244703
19,18,76.24,50.11235071642811,0.0,14.278619800064495
19,19,62.84,35.08222461109706,0.0,12.966908726687164
19,20,63.88,21.43284700405794,0.0,20.361204653855044
19,21,34.29,0.0,0.0,0.0
19,22,29.95,0.0,0.0,0.0
19,23,29.88,0.0,0.0,0.0
19,24,24.36,0.0,0.0,0.0
20,1,16.09,0.0,0.0,0.0
20,2,15.62,0.0,0.0,0.0
20,3,15.32,0.0,0.0,0.0
20,4,12.99,0.0,15.263157894736842,0.0
20,5,9.79,14.5,30.0,0.0
20,6,11.97,43.0,30.0,0.0
20,7,14.64,71.5,30.0,0.0
20,8,13.87,100.0,0.0,0.0
20,9,14.72,100.0,0.0,0.0
20,10,16.45,100.0,0.0,0.0
20,11,18.57,100.0,0.0,0.0
20,12,22.69,100.0,0.0,0.0
20,13,25.62,100.0,0.0,0.0
20,14,43.44,100.0,0.0,0.0
20,15,38.67,100.0,0.0,30.0
20,16,55.93,68.42105263157895,0.0,9.090622904148587
20,17,57.25,58.85197589036991,0.0,8.302643915244703
20,18,56.19,50.11235071642811,0.0,14.278619800064495
20,19,39.9,35.08222461109706,0.0,12.966908726687164
20,20,34.52,21.43284700405794,0.0,20.361204653855044
20,21,32.38,0.0,0.0,0.0
20,22,29.04,0.0,0.0,0.0
20,23,27.74,0.0,0.0,0.0
20,24,21.78,0.0,0.0,0.0
21,1,16.63,0.0,0.0,0.0
21,2,15.64,0.0,0.0,0.0
21,3,14.83,0.0,0.0,0.0
21,4,13.37,0.0,15.263157894736842,0.0
21,5,13.1,14.5,30.0,0.0
21,6,11.36,43.0,30.0,0.0
21,7,11.51,71.5,30.0,0.0
21,8,13.46,100.0,0.0,0.0
21,9,14.65,100.0,0.0,0.0
21,10,16.68,100.0,0.0,0.0
21,11,15.59,100.0,0.0,0.0
21,12,19.26,100.0,0.0,0.0
21,13,19.84,100.0,0.0,0.0
21,14,38.46,100.0,0.0,0.0
21,15,32.96,100.0,0.0,30.0
21,16,46.86,68.42105263157895,0.0,9.090622904148587
21,17,58.88,58.85197589036991,0.0,8.302643915244703
21,18,62.09,50.11235071642811,0.0,14.278619800064495
21,19,45.31,35.08222461109706,0.0,12.966908726687164
21,20,34.88,21.43284700405794,0.0,20.361204653855044
21,21,25.26,0.0,0.0,0.0
21,22,23.63,0.0,0.0,0.0
21,23,21.87,0.0,0.0,0.0
21,24,19.6,0.0,0.0,0.0
22,1,17.72,0.0,0.0,0.0
22,2,18.37,0.0,0.0,0.0
22,3,16.95,0.0,0.0,0.0
22,4,16.29,0.0,15.263157894736842,0.0
22,5,15.29,14.5,30.0,0.0
22,6,13.91,43.0,30.0,0.0
22,7,14.14,71.5,30.0,0.0
22,8,14.91,100.0,0.0,0.0
22,9,16.63,100.0,0.0,0.0
22,10,15.19,100.0,0.0,0.0
22,11,15.53,100.0,0.0,0.0
22,12,20.33,100.0,0.0,0.0
22,13,29.2,100.0,0.0,0.0
22,14,39.13,100.0,0.0,0.0
22,15,34.14,100.0,0.0,30.0
22,16,49.07,68.42105263157895,0.0,9.090622904148587
22,17,64.85,58.85197589036991,0.0,8.302643915244703
22,18,60.65,50.11235071642811,0.0,14.278619800064495
22,19,49.26,35.08222461109706,0.0,12.966908726687164
22,20,39.38,21.43284700405794,0.0,20.361204653855044
22,21,30.82,0.0,0.0,0.0
22,22,33.13,0.0,0.0,0.0
22,23,31.68,0.0,0.0,0.0
22,24,24.92,0.0,0.0,0.0
23,1,16.8,0.0,0.0,0.0
23,2,16.11,0.0,0.0,0.0
23,3,15.36,0.0,0.0,0.0
23,4,14.11,0.0,15.263157894736842,0.0
23,5,13.24,14.5,30.0,0.0
23,6,12.79,43.0,30.0,0.0
23,7,13.94,71.5,30.0,0.0
23,8,15.23,100.0,0.0,0.0
23,9,18.16,100.0,0.0,0.0
23,10,18.89,100.0,0.0,0.0
23,11,22.46,100.0,0.0,0.0
23,12,27.36,100.0,0.0,0.0
23,13,28.77,100.0,0.0,0.0
23,14,40.83,100.0,0.0,0.0
23,15,44.08,100.0,0.0,30.0
23,16,59.13,68.42105263157895,0.0,9.090622904148587
23,17,151.38,58.85197589036991,0.0,8.302643915244703
23,18,139.12,50.11235071642811,0.0,14.278619800064495
23,19,43.28,35.08222461109706,0.0,12.966908726687164
23,20,36.61,21.43284700405794,0.0,20.361204653855044
23,21,35.96,0.0,0.0,0.0
23,22,28.83,0.0,0.0,0.0
23,23,28.51,0.0,0.0,0.0
23,24,20.95,0.0,0.0,0.0
24,1,14.73,0.0,0.0,0.0
24,2,14.92,0.0,0.0,0.0
24,3,15.74,0.0,0.0,0.0
24,4,16.12,0.0,15.263157894736842,0.0
24,5,15.88,14.5,30.0,0.0
24,6,14.51,43.0,30.0,0.0
24,7,14.26,71.5,30.0,0.0
24,8,14.42,100.0,0.0,0.0
24,9,15.14,100.0,0.0,0.0
24,10,17.02,100.0,0.0,0.0
24,11,13.31,100.0,0.0,0.0
24,12,22.27,100.0,0.0,0.0
24,13,23.98,100.0,0.0,0.0
24,14,33.42,100.0,0.0,0.0
24,15,7.15,100.0,0.0,30.0
24,16,-9.69,68.42105263157895,0.0,9.090622904148587
24,17,-31.8,58.85197589036991,0.0,8.302643915244703
24,18,10.61,50.11235071642811,0.0,14.278619800064495
24,19,29.78,35.08222461109706,0.0,12.966908726687164
24,20,29.48,21.43284700405794,0.0,20.361204653855044
24,21,28.99,0.0,0.0,0.0
24,22,25.43,0.0,0.0,0.0
24,23,28.0,0.0,0.0,0.0
24,24,22.71,0.0,0.0,0.0
25,1,13.4,0.0,0.0,0.0
25,2,17.08,0.0,0.0,0.0
25,3,16.31,0.0,0.0,0.0
25,4,14.83,0.0,15.263157894736842,0.0
25,5,14.5,14.5,30.0,0.0
25,6,14.0,43.0,30.0,0.0
25,7,16.87,71.5,30.0,0.0
25,8,17.25,100.0,0.0,0.0
25,9,17.91,100.0,0.0,0.0
25,10,18.59,100.0,0.0,0.0
25,11,20.94,100.0,0.0,0.0
25,12,22.37,100.0,0.0,0.0
25,13,24.82,100.0,0.0,0.0
25,14,50.79,100.0,0.0,0.0
25,15,35.97,100.0,0.0,30.0
25,16,56.24,68.42105263157895,0.0,9.090622904148587
25,17,57.9,58.85197589036991,0.0,8.302643915244703
25,18,56.49,50.11235071642811,0.0,14.278619800064495
25,19,42.06,35.08222461109706,0.0,12.966908726687164
25,20,33.49,21.43284700405794,0.0,20.361204653855044
25,21,31.38,0.0,0.0,0.0
25,22,25.95,0.0,0.0,0.0
25,23,23.58,0.0,0.0,0.0
25,24,17.56,0.0,0.0,0.0
26,1,19.66,0.0,0.0,0.0
26,2,15.43,0.0,0.0,0.0
26,3,15.76,0.0,0.0,0.0
26,4,15.05,0.0,15.263157894736842,0.0
26,5,14.91,14.5,30.0,0.0
26,6,13.84,43.0,30.0,0.0
26,7,14.94,71.5,30.0,0.0
26,8,16.64,100.0,0.0,0.0
26,9,18.4,100.0,0.0,0.0
26,10,17.4,100.0,0.0,0.0
26,11,16.49,100.0,0.0,0.0
26,12,25.02,100.0,0.0,0.0
26,13,29.48,100.0,0.0,0.0
26,14,48.25,100.0,0.0,0.0
26,15,34.06,100.0,0.0,30.0
26,16,60.45,68.42105263157895,0.0,9.090622904148587
26,17,71.87,58.85197589036991,0.0,8.302643915244703
26,18,64.64,50.11235071642811,0.0,14.278619800064495
26,19,43.22,35.08222461109706,0.0,12.966908726687164
26,20,36.4,21.43284700405794,0.0,20.361204653855044
26,21,29.89,0.0,0.0,0.0
26,22,24.97,0.0,0.0,0.0
26,23,30.45,0.0,0.0,0.0
26,24,26.16,0.0,0.0,0.0
27,1,18.25,0.0,0.0,0.0
27,2,17.97,0.0,0.0,0.0
27,3,17.58,0.0,0.0,0.0
27,4,16.51,0.0,15.263157894736842,0.0
27,5,16.29,14.5,30.0,0.0
27,6,15.16,43.0,30.0,0.0
27,7,13.5,71.5,30.0,0.0
27,8,13.63,100.0,0.0,0.0
27,9,14.07,100.0,0.0,0.0
27,10,15.0,100.0,0.0,0.0
27,11,15.31,100.0,0.0,0.0
27,12,17.55,100.0,0.0,0.0
27,13,23.78,100.0,0.0,0.0
27,14,44.62,100.0,0.0,0.0
27,15,33.49,100.0,0.0,30.0
27,16,59.61,68.42105263157895,0.0,9.090622904148587
27,17,73.83,58.85197589036991,0.0,8.302643915244703
27,18,59.46,50.11235071642811,0.0,14.278619800064495
27,19,45.06,35.08222461109706,0.0,12.966908726687164
27,20,33.55,21.43284700405794,0.0,20.361204653855044
27,21,27.12,0.0,0.0,0.0
27,22,22.53,0.0,0.0,0.0
27,23,25.53,0.0,0.0,0.0
27,24,28.36,0.0,0.0,0.0
28,1,22.09,0.0,0.0,0.0
28,2,16.87,0.0,0.0,0.0
28,3,16.44,0.0,0.0,0.0
28,4,15.39,0.0,15.263157894736842,0.0
28,5,15.31,14.5,30.0,0.0
28,6,14.1,43.0,30.0,0.0
28,7,13.03,71.5,30.0,0.0
28,8,13.2,100.0,0.0,0.0
28,9,13.78,100.0,0.0,0.0
28,10,15.36,100.0,0.0,0.0
28,11,14.15,100.0,0.0,0.0
28,12,19.65,100.0,0.0,0.0
28,13,24.72,100.0,0.0,0.0
28,14,32.67,100.0,0.0,0.0
28,15,26.65,100.0,0.0,30.0
28,16,16.97,68.42105263157895,0.0,9.090622904148587
28,17,2.22,58.85197589036991,0.0,8.302643915244703
28,18,35.3,50.11235071642811,0.0,14.278619800064495
28,19,39.01,35.08222461109706,0.0,12.966908726687164
28,20,41.49,21.43284700405794,0.0,20.361204653855044
28,21,33.33,0.0,0.0,0.0
28,22,29.06,0.0,0.0,0.0
28,23,33.18,0.0,0.0,0.0
28,24,27.85,0.0,0.0,0.0
29,1,17.12,0.0,0.0,0.0
29,2,15.87,0.0,0.0,0.0
29,3,15.59,0.0,0.0,0.0
29,4,14.36,0.0,15.263157894736842,0.0
29,5,14.04,14.5,30.0,0.0
29,6,13.74,43.0,30.0,0.0
29,7,15.39,71.5,30.0,0.0
29,8,16.57,100.0,0.0,0.0
29,9,17.65,100.0,0.0,0.0
29,10,17.21,100.0,0.0,0.0
29,11,21.7,100.0,0.0,0.0
29,12,23.98,100.0,0.0,0.0
29,13,29.8,100.0,0.0,0.0
29,14,47.07,100.0,0.0,0.0
29,15,45.1,100.0,0.0,30.0
29,16,70.07,68.42105263157895,0.0,9.090622904148587
29,17,78.8,58.85197589036991,0.0,8.302643915244703
29,18,61.82,50.11235071642811,0.0,14.278619800064495
29,19,44.89,35.08222461109706,0.0,12.966908726687164
29,20,34.23,21.43284700405794,0.0,20.361204653855044
29,21,27.58,0.0,0.0,0.0
29,22,24.65,0.0,0.0,0.0
29,23,23.11,0.0,0.0,0.0
29,24,20.83,0.0,0.0,0.0
30,1,19.33,0.0,0.0,0.0
30,2,16.54,0.0,0.0,0.0
30,3,18.05,0.0,0.0,0.0
30,4,17.27,0.0,15.263157894736842,0.0
30,5,16.84,14.5,30.0,0.0
30,6,17.19,43.0,30.0,0.0
30,7,17.55,71.5,30.0,0.0
30,8,19.49,100.0,0.0,0.0
30,9,18.85,100.0,0.0,0.0
30,10,18.91,100.0,0.0,0.0
30,11,21.15,100.0,0.0,0.0
30,12,25.63,100.0,0.0,0.0
30,13,27.59,100.0,0.0,0.0
30,14,49.69,100.0,0.0,0.0
30,15,46.68,100.0,0.0,30.0
30,16,66.07,68.42105263157895,0.0,9.090622904148587
30,17,65.43,58.85197589036991,0.0,8.302643915244703
30,18,65.59,50.11235071642811,0.0,14.278619800064495
30,19,42.94,35.08222461109706,0.0,12.966908726687164
30,20,36.16,21.43284700405794,0.0,20.361204653855044
30,21,55.16,0.0,0.0,0.0
30,22,36.33,0.0,0.0,0.0
30,23,41.38,0.0,0.0,0.0
30,24,24.19,0.0,0.0,0.0
31,1,17.49,0.0,0.0,0.0
31,2,14.78,0.0,0.0,0.0
31,3,14.98,0.0,0.0,0.0
31,4,14.17,0.0,15.263157894736842,0.0
31,5,14.23,14.5,30.0,0.0
31,6,13.63,43.0,30.0,0.0
31,7,16.36,71.5,30.0,0.0
31,8,17.39,100.0,0.0,0.0
31,9,18.7,100.0,0.0,0.0
31,10,21.35,100.0,0.0,0.0
31,11,25.57,100.0,0.0,0.0
31,12,31.77,100.0,0.0,0.0
31,13,38.87,100.0,0.0,0.0
31,14,62.96,100.0,0.0,0.0
31,15,58.99,100.0,0.0,30.0
31,16,85.52,68.42105263157895,0.0,9.090622904148587
31,17,90.12,58.85197589036991,0.0,8.302643915244703
31,18,80.77,50.11235071642811,0.0,14.278619800064495
31,19,56.53,35.08222461109706,0.0,12.966908726687164
31,20,41.01,21.43284700405794,0.0,20.361204653855044
31,21,36.42,0.0,0.0,0.0
31,22,28.34,0.0,0.0,0.0
31,23,27.56,0.0,0.0,0.0
31,24,23.02,0.0,0.0,0.0
32,1,21.89,0.0,0.0,0.0
32,2,17.21,0.0,0.0,0.0
32,3,17.73,0.0,0.0,0.0
32,4,17.03,0.0,15.263157894736842,0.0
32,5,16.26,14.5,30.0,0.0
32,6,14.69,43.0,30.0,0.0
32,7,16.52,71.5,30.0,0.0
32,8,17.25,100.0,0.0,0.0
32,9,17.09,100.0,0.0,0.0
32,10,17.01,100.0,0.0,0.0
32,11,19.54,100.0,0.0,0.0
32,12,24.52,100.0,0.0,0.0
32,13,32.3,100.0,0.0,0.0
32,14,52.7,100.0,0.0,0.0
32,15,48.88,100.0,0.0,30.0
32,16,72.09,68.42105263157895,0.0,9.090622904148587
32,17,74.87,58.85197589036991,0.0,8.302643915244703
32,18,74.6,50.11235071642811,0.0,14.278619800064495
32,19,82.76,35.08222461109706,0.0,12.966908726687164
32,20,42.7,21.43284700405794,0.0,20.361204653855044
32,21,35.18,0.0,0.0,0.0
32,22,30.65,0.0,0.0,0.0
32,23,28.63,0.0,0.0,0.0
32,24,20.39,0.0,0.0,0.0
33,1,19.92,0.0,0.0,0.0
33,2,17.71,0.0,0.0,0.0
33,3,16.2,0.0,0.0,0.0
33,4,14.65,0.0,15.263157894736842,0.0
33,5,14.07,14.5,30.0,0.0
33,6,13.02,43.0,30.0,0.0
33,7,13.88,71.5,30.0,0.0
33,8,13.89,100.0,0.0,0.0
33,9,15.03,100.0,0.0,0.0
33,10,16.62,100.0,0.0,0.0
33,11,20.97,100.0,0.0,0.0
33,12,22.45,100.0,0.0,0.0
33,13,27.05,100.0,0.0,0.0
33,14,45.89,100.0,0.0,0.0
33,15,41.23,100.0,0.0,30.0
33,16,56.68,68.42105263157895,0.0,9.090622904148587
33,17,63.32,58.85197589036991,0.0,8.302643915244703
33,18,59.97,50.11235071642811,0.0,14.278619800064495
33,19,43.87,35.08222461109706,0.0,12.966908726687164
33,20,35.44,21.43284700405794,0.0,20.361204653855044
33,21,30.43,0.0,0.0,0.0
33,22,27.95,0.0,0.0,0.0
33,23,29.08,0.0,0.0,0.0
33,24,20.8,0.0,0.0,0.0
34,1,16.92,0.0,0.0,0.0
34,2,15.52,0.0,0.0,0.0
34,3,16.67,0.0,0.0,0.0
34,4,15.33,0.0,15.263157894736842,0.0
34,5,14.85,14.5,30.0,0.0
34,6,14.08,43.0,30.0,0.0
34,7,14.27,71.5,30.0,0.0
34,8,15.69,100.0,0.0,0.0
34,9,16.21,100.0,0.0,0.0
34,10,18.33,100.0,0.0,0.0
34,11,21.26,100.0,0.0,0.0
34,12,23.38,100.0,0.0,0.0
34,13,25.12,100.0,0.0,0.0
34,14,44.6,100.0,0.0,0.0
34,15,45.25,100.0,0.0,30.0
34,16,67.54,68.42105263157895,0.0,9.090622904148587
34,17,80.56,58.85197589036991,0.0,8.302643915244703
34,18,66.63,50.11235071642811,0.0,14.278619800064495
34,19,58.81,35.08222461109706,0.0,12.966908726687164
34,20,136.4,21.43284700405794,0.0,20.361204653855044
34,21,38.45,0.0,0.0,0.0
34,22,34.22,0.0,0.0,0.0
34,23,28.47,0.0,0.0,0.0
34,24,26.04,0.0,0.0,0.0
35,1,15.03,0.0,0.0,0.0
35,2,15.32,0.0,0.0,0.0
35,3,15.93,0.0,0.0,0.0
35,4,15.28,0.0,15.263157894736842,0.0
35,5,15.2,14.5,30.0,0.0
35,6,14.61,43.0,30.0,0.0
35,7,13.8,71.5,30.0,0.0
35,8,16.34,100.0,0.0,0.0
35,9,23.67,100.0,0.0,0.0
35,10,19.82,100.0,0.0,0.0
35,11,20.63,100.0,0.0,0.0
35,12,23.76,100.0,0.0,0.0
35,13,28.69,100.0,0.0,0.0
35,14,51.83,100.0,0.0,0.0
35,15,71.69,100.0,0.0,30.0
35,16,80.49,68.42105263157895,0.0,9.090622904148587
35,17,83.81,58.85197589036991,0.0,8.302643915244703
35,18,72.19,50.11235071642811,0.0,14.278619800064495
35,19,50.7,35.08222461109706,0.0,12.966908726687164
35,20,28.04,21.43284700405794,0.0,20.361204653855044
35,21,25.17,0.0,0.0,0.0
35,22,22.28,0.0,0.0,0.0
35,23,21.24,0.0,0.0,0.0
35,24,18.37,0.0,0.0,0.0
36,1,18.99,0.0,0.0,0.0
36,2,15.36,0.0,0.0,0.0
36,3,15.77,0.0,0.0,0.0
36,4,15.29,0.0,15.263157894736842,0.0
36,5,15.32,14.5,30.0,0.0
36,6,14.75,43.0,30.0,0.0
36,7,16.78,71.5,30.0,0.0
36,8,17.16,100.0,0.0,0.0
36,9,17.48,100.0,0.0,0.0
36,10,17.16,100.0,0.0,0.0
36,11,20.39,100.0,0.0,0.0
36,12,22.58,100.0,0.0,0.0
36,13,31.99,100.0,0.0,0.0
36,14,52.7,100.0,0.0,0.0
36,15,47.1,100.0,0.0,30.0
36,16,91.01,68.42105263157895,0.0,9.090622904148587
36,17,152.45,58.85197589036991,0.0,8.302643915244703
36,18,278.8,50.11235071642811,0.0,14.278619800064495
36,19,155.63,35.08222461109706,0.0,12.966908726687164
36,20,449.43,21.43284700405794,0.0,20.361204653855044
36,21,40.75,0.0,0.0,0.0
36,22,29.49,0.0,0.0,0.0
36,23,32.22,0.0,0.0,0.0
36,24,28.11,0.0,0.0,0.0
37,1,15.97,0.0,0.0,0.0
37,2,17.86,0.0,0.0,0.0
37,3,17.91,0.0,0.0,0.0
37,4,15.92,0.0,15.263157894736842,0.0
37,5,15.49,14.5,30.0,0.0
37,6,14.7,43.0,30.0,0.0
37,7,11.2,71.5,30.0,0.0
37,8,13.82,100.0,0.0,0.0
37,9,14.67,100.0,0.0,0.0
37,10,15.17,100.0,0.0,0.0
37,11,13.38,100.0,0.0,0.0
37,12,14.57,100.0,0.0,0.0
37,13,16.64,100.0,0.0,0.0
37,14,37.86,100.0,0.0,0.0
37,15,24.77,100.0,0.0,30.0
37,16,27.54,68.42105263157895,0.0,9.090622904148587
37,17,38.14,58.85197589036991,0.0,8.302643915244703
37,18,51.73,50.11235071642811,0.0,14.278619800064495
37,19,36.9,35.08222461109706,0.0,12.966908726687164
37,20,30.21,21.43284700405794,0.0,20.361204653855044
37,21,21.7,0.0,0.0,0.0
37,22,19.56,0.0,0.0,0.0
37,23,26.18,0.0,0.0,0.0
37,24,21.37,0.0,0.0,0.0
38,1,22.31,0.0,0.0,0.0
38,2,17.9,0.0,0.0,0.0
38,3,18.18,0.0,0.0,0.0
38,4,17.64,0.0,15.263157894736842,0.0
38,5,17.42,14.5,30.0,0.0
38,6,16.05,43.0,30.0,0.0
38,7,16.52,71.5,30.0,0.0
38,8,17.36,100.0,0.0,0.0
38,9,17.76,100.0,0.0,0.0
38,10,19.15,100.0,0.0,0.0
38,11,19.2,100.0,0.0,0.0
38,12,23.25,100.0,0.0,0.0
38,13,21.13,100.0,0.0,0.0
38,14,23.37,100.0,0.0,0.0
38,15,-63.04,100.0,0.0,30.0
38,16,253.92,68.42105263157895,0.0,9.090622904148587
38,17,541.06,58.85197589036991,0.0,8.302643915244703
38,18,-42.31,50.11235071642811,0.0,14.278619800064495
38,19,20.84,35.08222461109706,0.0,12.966908726687164
38,20,39.62,21.43284700405794,0.0,20.361204653855044
38,21,32.57,0.0,0.0,0.0
38,22,26.98,0.0,0.0,0.0
38,23,32.24,0.0,0.0,0.0
38,24,26.77,0.0,0.0,0.0
39,1,16.89,0.0,0.0,0.0
39,2,16.74,0.0,0.0,0.0
39,3,16.46,0.0,0.0,0.0
39,4,15.36,0.0,15.263157894736842,0.0
39,5,14.7,14.5,30.0,0.0
39,6,13.01,43.0,30.0,0.0
39,7,14.31,71.5,30.0,0.0
39,8,16.71,100.0,0.0,0.0
39,9,17.12,100.0,0.0,0.0
39,10,18.09,100.0,0.0,0.0
39,11,20.13,100.0,0.0,0.0
39,12,27.24,100.0,0.0,0.0
39,13,33.01,100.0,0.0,0.0
39,14,46.41,100.0,0.0,0.0
39,15,29.62,100.0,0.0,30.0
39,16,35.82,68.42105263157895,0.0,9.090622904148587
39,17,33.73,58.85197589036991,0.0,8.302643915244703
39,18,51.5,50.11235071642811,0.0,14.278619800064495
39,19,44.72,35.08222461109706,0.0,12.966908726687164
39,20,36.7,21.43284700405794,0.0,20.361204653855044
39,21,31.63,0.0,0.0,0.0
39,22,29.63,0.0,0.0,0.0
39,23,29.0,0.0,0.0,0.0
39,24,19.54,0.0,0.0,0.0
40,1,18.73,0.0,0.0,0.0
40,2,16.85,0.0,0.0,0.0
40,3,17.03,0.0,0.0,0.0
40,4,16.25,0.0,15.263157894736842,0.0
40,5,15.86,14.5,30.0,0.0
40,6,14.51,43.0,30.0,0.0
40,7,15.61,71.5,30.0,0.0
40,8,16.41,100.0,0.0,0.0
40,9,18.68,100.0,0.0,0.0
40,10,19.91,100.0,0.0,0.0
40,11,19.35,100.0,0.0,0.0
40,12,24.52,100.0,0.0,0.0
40,13,33.65,100.0,0.0,0.0
40,14,54.37,100.0,0.0,0.0
40,15,48.32,100.0,0.0,30.0
40,16,68.58,68.42105263157895,0.0,9.090622904148587
40,17,69.76,58.85197589036991,0.0,8.302643915244703
40,18,47.0,50.11235071642811,0.0,14.278619800064495
40,19,42.09,35.08222461109706,0.0,12.966908726687164
40,20,35.01,21.43284700405794,0.0,20.361204653855044
40,21,31.22,0.0,0.0,0.0
40,22,31.48,0.0,0.0,0.0
40,23,30.59,0.0,0.0,0.0
40,24,23.38,0.0,0.0,0.0
41,1,19.82,0.0,0.0,0.0
41,2,19.12,0.0,0.0,0.0
41,3,22.74,0.0,0.0,0.0
41,4,21.62,0.0,15.263157894736842,0.0
41,5,6.47,14.5,30.0,0.0
41,6,4.96,43.0,30.0,0.0
41,7,15.13,71.5,30.0,0.0
41,8,15.42,100.0,0.0,0.0
41,9,18.04,100.0,0.0,0.0
41,10,18.97,100.0,0.0,0.0
41,11,24.6,100.0,0.0,0.0
41,12,30.32,100.0,0.0,0.0
41,13,37.84,100.0,0.0,0.0
41,14,63.56,100.0,0.0,0.0
41,15,61.2,100.0,0.0,30.0
41,16,80.41,68.42105263157895,0.0,9.090622904148587
41,17,80.76,58.85197589036991,0.0,8.302643915244703
41,18,68.34,50.11235071642811,0.0,14.278619800064495
41,19,52.28,35.08222461109706,0.0,12.966908726687164
41,20,36.99,21.43284700405794,0.0,20.361204653855044
41,21,31.24,0.0,0.0,0.0
41,22,26.34,0.0,0.0,0.0
41,23,25.43,0.0,0.0,0.0
41,24,23.7,0.0,0.0,0.0
42,1,18.52,0.0,0.0,0.0
42,2,14.86,0.0,0.0,0.0
42,3,12.82,0.0,0.0,0.0
42,4,11.39,0.0,15.263157894736842,0.0
42,5,10.56,14.5,30.0,0.0
42,6,11.86,43.0,30.0,0.0
42,7,14.02,71.5,30.0,0.0
42,8,16.17,100.0,0.0,0.0
42,9,19.05,100.0,0.0,0.0
42,10,20.11,100.0,0.0,0.0
42,11,25.4,100.0,0.0,0.0
42,12,31.46,100.0,0.0,0.0
42,13,40.33,100.0,0.0,0.0
42,14,63.57,100.0,0.0,0.0
42,15,60.03,100.0,0.0,30.0
42,16,85.16,68.42105263157895,0.0,9.090622904148587
42,17,88.65,58.85197589036991,0.0,8.302643915244703
42,18,70.7,50.11235071642811,0.0,14.278619800064495
42,19,52.59,35.08222461109706,0.0,12.966908726687164
42,20,40.59,21.43284700405794,0.0,20.361204653855044
42,21,33.78,0.0,0.0,0.0
42,22,32.33,0.0,0.0,0.0
42,23,26.89,0.0,0.0,0.0
42,24,21.85,0.0,0.0,0.0
43,1,16.79,0.0,0.0,0.0
43,2,16.62,0.0,0.0,0.0
43,3,17.23,0.0,0.0,0.0
43,4,16.75,0.0,15.263157894736842,0.0
43,5,16.24,14.5,30.0,0.0
43,6,14.78,43.0,30.0,0.0
43,7,15.21,71.5,30.0,0.0
43,8,15.85,100.0,0.0,0.0
43,9,16.73,100.0,0.0,0.0
43,10,19.42,100.0,0.0,0.0
43,11,20.65,100.0,0.0,0.0
43,12,25.29,100.0,0.0,0.0
43,13,29.75,100.0,0.0,0.0
43,14,51.04,100.0,0.0,0.0
43,15,51.47,100.0,0.0,30.0
43,16,77.17,68.42105263157895,0.0,9.090622904148587
43,17,75.3,58.85197589036991,0.0,8.302643915244703
43,18,53.04,50.11235071642811,0.0,14.278619800064495
43,19,38.53,35.08222461109706,0.0,12.966908726687164
43,20,32.81,21.43284700405794,0.0,20.361204653855044
43,21,30.86,0.0,0.0,0.0
43,22,28.53,0.0,0.0,0.0
43,23,26.16,0.0,0.0,0.0
43,24,21.54,0.0,0.0,0.0
44,1,17.87,0.0,0.0,0.0
44,2,15.79,0.0,0.0,0.0
44,3,15.52,0.0,0.0,0.0
44,4,14.39,0.0,15.263157894736842,0.0
44,5,13.72,14.5,30.0,0.0
44,6,12.19,43.0,30.0,0.0
44,7,12.53,71.5,30.0,0.0
44,8,14.58,100.0,0.0,0.0
44,9,17.96,100.0,0.0,0.0
44,10,19.07,100.0,0.0,0.0
44,11,23.03,100.0,0.0,0.0
44,12,27.27,100.0,0.0,0.0
44,13,31.07,100.0,0.0,0.0
44,14,54.27,100.0,0.0,0.0
44,15,48.23,100.0,0.0,30.0
44,16,74.71,68.42105263157895,0.0,9.090622904148587
44,17,85.05,58.85197589036991,0.0,8.302643915244703
44,18,67.85,50.11235071642811,0.0,14.278619800064495
44,19,48.68,35.08222461109706,0.0,12.966908726687164
44,20,34.95,21.43284700405794,0.0,20.361204653855044
44,21,31.65,0.0,0.0,0.0
44,22,29.25,0.0,0.0,0.0
44,23,25.6,0.0,0.0,0.0
44,24,20.99,0.0,0.0,0.0
45,1,21.43,0.0,0.0,0.0
45,2,15.1,0.0,0.0,0.0
45,3,15.24,0.0,0.0,0.0
45,4,14.92,0.0,15.263157894736842,0.0
45,5,14.6,14.5,30.0,0.0
45,6,13.47,43.0,30.0,0.0
45,7,15.59,71.5,30.0,0.0
45,8,16.51,100.0,0.0,0.0
45,9,17.53,100.0,0.0,0.0
45,10,17.67,100.0,0.0,0.0
45,11,27.69,100.0,0.0,0.0
45,12,30.15,100.0,0.0,0.0
45,13,37.38,100.0,0.0,0.0
45,14,63.29,100.0,0.0,0.0
45,15,103.68,100.0,0.0,30.0
45,16,118.36,68.42105263157895,0.0,9.090622904148587
45,17,254.9,58.85197589036991,0.0,8.302643915244703
45,18,102.12,50.11235071642811,0.0,14.278619800064495
45,19,49.14,35.08222461109706,0.0,12.966908726687164
45,20,40.06,21.43284700405794,0.0,20.361204653855044
45,21,35.74,0.0,0.0,0.0
45,22,33.49,0.0,0.0,0.0
45,23,33.37,0.0,0.0,0.0
45,24,25.5,0.0,0.0,0.0
46,1,18.06,0.0,0.0,0.0
46,2,16.15,0.0,0.0,0.0
46,3,15.91,0.0,0.0,0.0
46,4,16.63,0.0,15.263157894736842,0.0
46,5,15.81,14.5,30.0,0.0
46,6,3.02,43.0,30.0,0.0
46,7,9.03,71.5,30.0,0.0
46,8,12.25,100.0,0.0,0.0
46,9,15.27,100.0,0.0,0.0
46,10,17.57,100.0,0.0,0.0
46,11,19.9,100.0,0.0,0.0
46,12,18.66,100.0,0.0,0.0
46,13,20.66,100.0,0.0,0.0
46,14,4.32,100.0,0.0,0.0
46,15,254.84,100.0,0.0,30.0
46,16,1060.48,68.42105263157895,0.0,9.090622904148587
46,17,1573.58,58.85197589036991,0.0,8.302643915244703
46,18,345.26,50.11235071642811,0.0,14.278619800064495
46,19,281.3,35.08222461109706,0.0,12.966908726687164
46,20,93.94,21.43284700405794,0.0,20.361204653855044
46,21,33.88,0.0,0.0,0.0
46,22,33.18,0.0,0.0,0.0
46,23,33.42,0.0,0.0,0.0
46,24,27.54,0.0,0.0,0.0
47,1,22.76,0.0,0.0,0.0
47,2,16.49,0.0,0.0,0.0
47,3,15.89,0.0,0.0,0.0
47,4,14.37,0.0,15.263157894736842,0.0
47,5,14.94,14.5,30.0,0.0
47,6,13.95,43.0,30.0,0.0
47,7,15.04,71.5,30.0,0.0
47,8,15.54,100.0,0.0,0.0
47,9,17.18,100.0,0.0,0.0
47,10,18.11,100.0,0.0,0.0
47,11,19.8,100.0,0.0,0.0
47,12,28.2,100.0,0.0,0.0
47,13,31.32,100.0,0.0,0.0
47,14,48.13,100.0,0.0,0.0
47,15,44.38,100.0,0.0,30.0
47,16,77.74,68.42105263157895,0.0,9.090622904148587
47,17,87.54,58.85197589036991,0.0,8.302643915244703
47,18,72.03,50.11235071642811,0.0,14.278619800064495
47,19,44.43,35.08222461109706,0.0,12.966908726687164
47,20,38.36,21.43284700405794,0.0,20.361204653855044
47,21,33.63,0.0,0.0,0.0
47,22,26.37,0.0,0.0,0.0
47,23,28.04,0.0,0.0,0.0
47,24,24.5,0.0,0.0,0.0
48,1,15.7,0.0,0.0,0.0
48,2,14.98,0.0,0.0,0.0
48,3,13.99,0.0,0.0,0.0
48,4,12.88,0.0,15.263157894736842,0.0
48,5,13.76,14.5,30.0,0.0
48,6,12.92,43.0,30.0,0.0
48,7,13.72,71.5,30.0,0.0
48,8,12.97,100.0,0.0,0.0
48,9,15.67,100.0,0.0,0.0
48,10,16.27,100.0,0.0,0.0
48,11,10.4,100.0,0.0,0.0
48,12,18.2,100.0,0.0,0.0
48,13,20.77,100.0,0.0,0.0
48,14,43.89,100.0,0.0,0.0
48,15,35.14,100.0,0.0,30.0
48,16,59.3,68.42105263157895,0.0,9.090622904148587
48,17,62.09,58.85197589036991,0.0,8.302643915244703
48,18,62.73,50.11235071642811,0.0,14.278619800064495
48,19,52.49,35.08222461109706,0.0,12.966908726687164
48,20,29.87,21.43284700405794,0.0,20.361204653855044
48,21,28.17,0.0,0.0,0.0
48,22,21.97,0.0,0.0,0.0
48,23,20.75,0.0,0.0,0.0
48,24,28.87,0.0,0.0,0.0
49,1,16.16,0.0,0.0,0.0
49,2,15.55,0.0,0.0,0.0
49,3,15.66,0.0,0.0,0.0
49,4,14.6,0.0,15.263157894736842,0.0
49,5,14.32,14.5,30.0,0.0
49,6,13.57,43.0,30.0,0.0
49,7,14.95,71.5,30.0,0.0
49,8,15.5,100.0,0.0,0.0
49,9,17.23,100.0,0.0,0.0
49,10,18.71,100.0,0.0,0.0
49,11,21.42,100.0,0.0,0.0
49,12,27.37,100.0,0.0,0.0
49,13,33.03,100.0,0.0,0.0
49,14,54.2,100.0,0.0,0.0
49,15,54.76,100.0,0.0,30.0
49,16,79.95,68.42105263157895,0.0,9.090622904148587
49,17,106.28,58.85197589036991,0.0,8.302643915244703
49,18,76.14,50.11235071642811,0.0,14.278619800064495
49,19,44.68,35.08222461109706,0.0,12.966908726687164
49,20,28.91,21.43284700405794,0.0,20.361204653855044
49,21,29.23,0.0,0.0,0.0
49,22,26.05,0.0,0.0,0.0
49,23,22.98,0.0,0.0,0.0
49,24,20.35,0.0,0.0,0.0
50,1,19.73,0.0,0.0,0.0
50,2,23.13,0.0,0.0,0.0
50,3,21.76,0.0,0.0,0.0
50,4,19.23,0.0,15.263157894736842,0.0
50,5,18.19,14.5,30.0,0.0
50,6,17.07,43.0,30.0,0.0
50,7,17.1,71.5,30.0,0.0
50,8,17.28,100.0,0.0,0.0
50,9,18.38,100.0,0.0,0.0
50,10,18.29,100.0,0.0,0.0
50,11,22.82,100.0,0.0,0.0
50,12,27.12,100.0,0.0,0.0
50,13,21.44,100.0,0.0,0.0
50,14,35.45,100.0,0.0,0.0
50,15,50.35,100.0,0.0,30.0
50,16,75.36,68.42105263157895,0.0,9.090622904148587
50,17,478.32,58.85197589036991,0.0,8.302643915244703
50,18,976.39,50.11235071642811,0.0,14.278619800064495
50,19,1075.16,35.08222461109706,0.0,12.966908726687164
50,20,160.96,21.43284700405794,0.0,20.361204653855044
50,21,48.25,0.0,0.0,0.0
50,22,48.5,0.0,0.0,0.0
50,23,38.96,0.0,0.0,0.0
50,24,29.31,0.0,0.0,0.0
51,1,19.36,0.0,0.0,0.0
51,2,16.89,0.0,0.0,0.0
51,3,16.7,0.0,0.0,0.0
51,4,15.87,0.0,15.263157894736842,0.0
51,5,15.11,14.5,30.0,0.0
51,6,13.47,43.0,30.0,0.0
51,7,15.42,71.5,30.0,0.0
51,8,16.86,100.0,0.0,0.0
51,9,17.41,100.0,0.0,0.0
51,10,20.81,100.0,0.0,0.0
51,11,21.37,100.0,0.0,0.0
51,12,26.73,100.0,0.0,0.0
51,13,33.62,100.0,0.0,0.0
51,14,52.81,100.0,0.0,0.0
51,15,46.52,100.0,0.0,30.0
51,16,273.1,68.42105263157895,0.0,9.090622904148587
51,17,970.21,58.85197589036991,0.0,8.302643915244703
51,18,357.9,50.11235071642811,0.0,14.278619800064495
51,19,58.18,35.08222461109706,0.0,12.966908726687164
51,20,42.56,21.43284700405794,0.0,20.361204653855044
51,21,44.84,0.0,0.0,0.0
51,22,33.22,0.0,0.0,0.0
51,23,30.65,0.0,0.0,0.0
51,24,25.45,0.0,0.0,0.0
52,1,17.46,0.0,0.0,0.0
52,2,16.43,0.0,0.0,0.0
52,3,16.34,0.0,0.0,0.0
52,4,15.62,0.0,15.263157894736842,0.0
52,5,15.05,14.5,30.0,0.0
52,6,13.13,43.0,30.0,0.0
52,7,14.22,71.5,30.0,0.0
52,8,15.48,100.0,0.0,0.0
52,9,17.96,100.0,0.0,0.0
52,10,17.7,100.0,0.0,0.0
52,11,19.74,100.0,0.0,0.0
52,12,22.06,100.0,0.0,0.0
52,13,28.15,100.0,0.0,0.0
52,14,47.35,100.0,0.0,0.0
52,15,35.04,100.0,0.0,30.0
52,16,54.34,68.42105263157895,0.0,9.090622904148587
52,17,58.56,58.85197589036991,0.0,8.302643915244703
52,18,56.8,50.11235071642811,0.0,14.278619800064495
52,19,48.21,35.08222461109706,0.0,12.966908726687164
52,20,42.21,21.43284700405794,0.0,20.361204653855044
52,21,34.31,0.0,0.0,0.0
52,22,32.61,0.0,0.0,0.0
52,23,31.29,0.0,0.0,0.0
52,24,21.96,0.0,0.0,0.0
53,1,17.21,0.0,0.0,0.0
53,2,14.63,0.0,0.0,0.0
53,3,15.31,0.0,0.0,0.0
53,4,14.06,0.0,15.263157894736842,0.0
53,5,13.76,14.5,30.0,0.0
53,6,11.43,43.0,30.0,0.0
53,7,10.63,71.5,30.0,0.0
53,8,13.84,100.0,0.0,0.0
53,9,16.69,100.0,0.0,0.0
53,10,18.22,100.0,0.0,0.0
53,11,20.06,100.0,0.0,0.0
53,12,21.98,100.0,0.0,0.0
53,13,25.42,100.0,0.0,0.0
53,14,49.55,100.0,0.0,0.0
53,15,42.71,100.0,0.0,30.0
53,16,67.31,68.42105263157895,0.0,9.090622904148587
53,17,81.16,58.85197589036991,0.0,8.302643915244703
53,18,65.17,50.11235071642811,0.0,14.278619800064495
53,19,47.78,35.08222461109706,0.0,12.966908726687164
53,20,35.87,21.43284700405794,0.0,20.361204653855044
53,21,25.41,0.0,0.0,0.0
53,22,20.86,0.0,0.0,0.0
53,23,24.38,0.0,0.0,0.0
53,24,20.75,0.0,0.0,0.0
54,1,29.22,0.0,0.0,0.0
54,2,18.01,0.0,0.0,0.0
54,3,16.93,0.0,0.0,0.0
54,4,15.65,0.0,15.263157894736842,0.0
54,5,14.05,14.5,30.0,0.0
54,6,13.15,43.0,30.0,0.0
54,7,15.1,71.5,30.0,0.0
54,8,15.19,100.0,0.0,0.0
54,9,17.49,100.0,0.0,0.0
54,10,21.88,100.0,0.0,0.0
54,11,21.74,100.0,0.0,0.0
54,12,32.17,100.0,0.0,0.0
54,13,26.64,100.0,0.0,0.0
54,14,37.24,100.0,0.0,0.0
54,15,36.09,100.0,0.0,30.0
54,16,74.55,68.42105263157895,0.0,9.090622904148587
54,17,166.18,58.85197589036991,0.0,8.302643915244703
54,18,75.98,50.11235071642811,0.0,14.278619800064495
54,19,46.76,35.08222461109706,0.0,12.966908726687164
54,20,41.66,21.43284700405794,0.0,20.361204653855044
54,21,36.95,0.0,0.0,0.0
54,22,32.51,0.0,0.0,0.0
54,23,32.4,0.0,0.0,0.0
54,24,24.47,0.0,0.0,0.0
55,1,16.71,0.0,0.0,0.0
55,2,19.82,0.0,0.0,0.0
55,3,16.47,0.0,0.0,0.0
55,4,14.86,0.0,15.263157894736842,0.0
55,5,14.26,14.5,30.0,0.0
55,6,13.02,43.0,30.0,0.0
55,7,11.83,71.5,30.0,0.0
55,8,13.93,100.0,0.0,0.0
55,9,16.91,100.0,0.0,0.0
55,10,14.22,100.0,0.0,0.0
55,11,18.61,100.0,0.0,0.0
55,12,22.86,100.0,0.0,0.0
55,13,25.29,100.0,0.0,0.0
55,14,43.07,100.0,0.0,0.0
55,15,36.4,100.0,0.0,30.0
55,16,74.52,68.42105263157895,0.0,9.090622904148587
55,17,64.72,58.85197589036991,0.0,8.302643915244703
55,18,71.38,50.11235071642811,0.0,14.278619800064495
55,19,69.86,35.08222461109706,0.0,12.966908726687164
55,20,57.87,21.43284700405794,0.0,20.361204653855044
55,21,36.5,0.0,0.0,0.0
55,22,48.18,0.0,0.0,0.0
55,23,33.01,0.0,0.0,0.0
55,24,21.82,0.0,0.0,0.0
56,1,16.8,0.0,0.0,0.0
56,2,14.3,0.0,0.0,0.0
56,3,15.02,0.0,0.0,0.0
56,4,14.18,0.0,15.263157894736842,0.0
56,5,13.66,14.5,30.0,0.0
56,6,12.51,43.0,30.0,0.0
56,7,13.86,71.5,30.0,0.0
56,8,15.36,100.0,0.0,0.0
56,9,15.94,100.0,0.0,0.0
56,10,16.9,100.0,0.0,0.0
56,11,19.2,100.0,0.0,0.0
56,12,21.64,100.0,0.0,0.0
56,13,30.26,100.0,0.0,0.0
56,14,44.19,100.0,0.0,0.0
56,15,35.43,100.0,0.0,30.0
56,16,61.51,68.42105263157895,0.0,9.090622904148587
56,17,86.14,58.85197589036991,0.0,8.302643915244703
56,18,121.0,50.11235071642811,0.0,14.278619800064495
56,19,64.96,35.08222461109706,0.0,12.966908726687164
56,20,37.46,21.43284700405794,0.0,20.361204653855044
56,21,32.77,0.0,0.0,0.0
56,22,30.04,0.0,0.0,0.0
56,23,27.31,0.0,0.0,0.0
56,24,20.35,0.0,0.0,0.0
57,1,21.77,0.0,0.0,0.0
57,2,16.19,0.0,0.0,0.0
57,3,16.59,0.0,0.0,0.0
57,4,16.09,0.0,15.263157894736842,0.0
57,5,15.83,14.5,30.0,0.0
57,6,14.23,43.0,30.0,0.0
57,7,16.19,71.5,30.0,0.0
57,8,17.3,100.0,0.0,0.0
57,9,18.47,100.0,0.0,0.0
57,10,18.23,100.0,0.0,0.0
57,11,23.15,100.0,0.0,0.0
57,12,23.89,100.0,0.0,0.0
57,13,27.42,100.0,0.0,0.0
57,14,47.71,100.0,0.0,0.0
57,15,43.72,100.0,0.0,30.0
57,16,55.79,68.42105263157895,0.0,9.090622904148587
57,17,69.16,58.85197589036991,0.0,8.302643915244703
57,18,57.58,50.11235071642811,0.0,14.278619800064495
57,19,42.66,35.08222461109706,0.0,12.966908726687164
57,20,34.52,21.43284700405794,0.0,20.361204653855044
57,21,30.01,0.0,0.0,0.0
57,22,27.69,0.0,0.0,0.0
57,23,28.86,0.0,0.0,0.0
57,24,26.12,0.0,0.0,0.0
58,1,20.29,0.0,0.0,0.0
58,2,16.02,0.0,0.0,0.0
58,3,17.11,0.0,0.0,0.0
58,4,15.81,0.0,15.263157894736842,0.0
58,5,15.21,14.5,30.0,0.0
58,6,13.8,43.0,30.0,0.0
58,7,16.17,71.5,30.0,0.0
58,8,17.25,100.0,0.0,0.0
58,9,18.8,100.0,0.0,0.0
58,10,19.28,100.0,0.0,0.0
58,11,22.98,100.0,0.0,0.0
58,12,22.96,100.0,0.0,0.0
58,13,20.74,100.0,0.0,0.0
58,14,23.0,100.0,0.0,0.0
58,15,-17.21,100.0,0.0,30.0
58,16,-20.08,68.42105263157895,0.0,9.090622904148587
58,17,36.47,58.85197589036991,0.0,8.302643915244703
58,18,50.25,50.11235071642811,0.0,14.278619800064495
58,19,50.38,35.08222461109706,0.0,12.966908726687164
58,20,36.5,21.43284700405794,0.0,20.361204653855044
58,21,32.78,0.0,0.0,0.0
58,22,26.21,0.0,0.0,0.0
58,23,26.83,0.0,0.0,0.0
58,24,24.21,0.0,0.0,0.0
59,1,18.2,0.0,0.0,0.0
59,2,16.04,0.0,0.0,0.0
59,3,16.7,0.0,0.0,0.0
59,4,16.6,0.0,15.263157894736842,0.0
59,5,16.44,14.5,30.0,0.0
59,6,15.25,43.0,30.0,0.0
59,7,15.16,71.5,30.0,0.0
59,8,15.53,100.0,0.0,0.0
59,9,16.71,100.0,0.0,0.0
59,10,17.64,100.0,0.0,0.0
59,11,20.42,100.0,0.0,0.0
59,12,26.01,100.0,0.0,0.0
59,13,34.18,100.0,0.0,0.0
59,14,56.37,100.0,0.0,0.0
59,15,52.48,100.0,0.0,30.0
59,16,81.44,68.42105263157895,0.0,9.090622904148587
59,17,92.37,58.85197589036991,0.0,8.302643915244703
59,18,75.58,50.11235071642811,0.0,14.278619800064495
59,19,42.48,35.08222461109706,0.0,12.966908726687164
59,20,37.8,21.43284700405794,0.0,20.361204653855044
59,21,34.42,0.0,0.0,0.0
59,22,29.85,0.0,0.0,0.0
59,23,26.79,0.0,0.0,0.0
59,24,20.46,0.0,0.0,0.0
60,1,15.51,0.0,0.0,0.0
60,2,15.38,0.0,0.0,0.0
60,3,16.75,0.0,0.0,0.0
60,4,16.32,0.0,15.263157894736842,0.0
60,5,16.59,14.5,30.0,0.0
60,6,15.25,43.0,30.0,0.0
60,7,15.65,71.5,30.0,0.0
60,8,16.3,100.0,0.0,0.0
60,9,17.49,100.0,0.0,0.0
60,10,19.24,100.0,0.0,0.0
60,11,21.16,100.0,0.0,0.0
60,12,27.8,100.0,0.0,0.0
60,13,29.12,100.0,0.0,0.0
60,14,44.15,100.0,0.0,0.0
60,15,40.94,100.0,0.0,30.0
60,16,59.56,68.42105263157895,0.0,9.090622904148587
60,17,69.62,58.85197589036991,0.0,8.302643915244703
60,18,65.32,50.11235071642811,0.0,14.278619800064495
60,19,51.48,35.08222461109706,0.0,12.966908726687164
60,20,42.11,21.43284700405794,0.0,20.361204653855044
60,21,35.09,0.0,0.0,0.0
60,22,28.1,0.0,0.0,0.0
60,23,27.97,0.0,0.0,0.0
60,24,22.83,0.0,0.0,0.0
61,1,22.76,0.0,0.0,0.0
61,2,17.6,0.0,0.0,0.0
61,3,15.6,0.0,0.0,0.0
61,4,15.65,0.0,15.263157894736842,0.0
61,5,16.22,14.5,30.0,0.0
61,6,14.98,43.0,30.0,0.0
61,7,17.26,71.5,30.0,0.0
61,8,19.06,100.0,0.0,0.0
61,9,21.57,100.0,0.0,0.0
61,10,23.16,100.0,0.0,0.0
61,11,28.13,100.0,0.0,0.0
61,12,27.57,100.0,0.0,0.0
61,13,31.59,100.0,0.0,0.0
61,14,43.53,100.0,0.0,0.0
61,15,28.02,100.0,0.0,30.0
61,16,39.24,68.42105263157895,0.0,9.090622904148587
61,17,69.65,58.85197589036991,0.0,8.302643915244703
61,18,259.29,50.11235071642811,0.0,14.278619800064495
61,19,48.03,35.08222461109706,0.0,12.966908726687164
61,20,35.87,21.43284700405794,0.0,20.361204653855044
61,21,31.65,0.0,0.0,0.0
61,22,26.78,0.0,0.0,0.0
61,23,29.46,0.0,0.0,0.0
61,24,24.5,0.0,0.0,0.0
62,1,14.49,0.0,0.0,0.0
62,2,19.4,0.0,0.0,0.0
62,3,18.85,0.0,0.0,0.0
62,4,16.45,0.0,15.263157894736842,0.0
62,5,14.99,14.5,30.0,0.0
62,6,14.22,43.0,30.0,0.0
62,7,15.59,71.5,30.0,0.0
62,8,16.04,100.0,0.0,0.0
62,9,16.24,100.0,0.0,0.0
62,10,18.04,100.0,0.0,0.0
62,11,19.53,100.0,0.0,0.0
62,12,27.93,100.0,0.0,0.0
62,13,24.47,100.0,0.0,0.0
62,14,43.9,100.0,0.0,0.0
62,15,61.19,100.0,0.0,30.0
62,16,164.65,68.42105263157895,0.0,9.090622904148587
62,17,1209.65,58.85197589036991,0.0,8.302643915244703
62,18,608.25,50.11235071642811,0.0,14.278619800064495
62,19,200.8,35.08222461109706,0.0,12.966908726687164
62,20,44.02,21.43284700405794,0.0,20.361204653855044
62,21,32.41,0.0,0.0,0.0
62,22,28.33,0.0,0.0,0.0
62,23,32.29,0.0,0.0,0.0
62,24,22.69,0.0,0.0,0.0
63,1,20.63,0.0,0.0,0.0
63,2,16.21,0.0,0.0,0.0
63,3,14.91,0.0,0.0,0.0
63,4,14.55,0.0,15.263157894736842,0.0
63,5,13.51,14.5,30.0,0.0
63,6,11.07,43.0,30.0,0.0
63,7,10.61,71.5,30.0,0.0
63,8,15.09,100.0,0.0,0.0
63,9,17.23,100.0,0.0,0.0
63,10,16.47,100.0,0.0,0.0
63,11,18.52,100.0,0.0,0.0
63,12,19.72,100.0,0.0,0.0
63,13,21.79,100.0,0.0,0.0
63,14,26.0,100.0,0.0,0.0
63,15,-5.57,100.0,0.0,30.0
63,16,-4.83,68.42105263157895,0.0,9.090622904148587
63,17,13.43,58.85197589036991,0.0,8.302643915244703
63,18,44.44,50.11235071642811,0.0,14.278619800064495
63,19,44.63,35.08222461109706,0.0,12.966908726687164
63,20,35.32,21.43284700405794,0.0,20.361204653855044
63,21,27.25,0.0,0.0,0.0
63,22,20.31,0.0,0.0,0.0
63,23,27.0,0.0,0.0,0.0
63,24,22.19,0.0,0.0,0.0
64,1,18.33,0.0,0.0,0.0
64,2,16.58,0.0,0.0,0.0
64,3,16.44,0.0,0.0,0.0
64,4,18.38,0.0,15.263157894736842,0.0
64,5,16.37,14.5,30.0,0.0
64,6,14.98,43.0,30.0,0.0
64,7,13.51,71.5,30.0,0.0
64,8,15.75,100.0,0.0,0.0
64,9,18.61,100.0,0.0,0.0
64,10,18.6,100.0,0.0,0.0
64,11,19.36,100.0,0.0,0.0
64,12,25.6,100.0,0.0,0.0
64,13,31.3,100.0,0.0,0.0
64,14,50.49,100.0,0.0,0.0
64,15,48.05,100.0,0.0,30.0
64,16,71.79,68.42105263157895,0.0,9.090622904148587
64,17,78.56,58.85197589036991,0.0,8.302643915244703
64,18,73.19,50.11235071642811,0.0,14.278619800064495
64,19,49.25,35.08222461109706,0.0,12.966908726687164
64,20,38.49,21.43284700405794,0.0,20.361204653855044
64,21,31.84,0.0,0.0,0.0
64,22,30.07,0.0,0.0,0.0
64,23,29.39,0.0,0.0,0.0
64,24,23.29,0.0,0.0,0.0
65,1,16.88,0.0,0.0,0.0
65,2,15.38,0.0,0.0,0.0
65,3,15.28,0.0,0.0,0.0
65,4,13.45,0.0,15.263157894736842,0.0
65,5,11.47,14.5,30.0,0.0
65,6,0.21,43.0,30.0,0.0
65,7,12.28,71.5,30.0,0.0
65,8,13.89,100.0,0.0,0.0
65,9,14.95,100.0,0.0,0.0
65,10,15.9,100.0,0.0,0.0
65,11,16.86,100.0,0.0,0.0
65,12,18.92,100.0,0.0,0.0
65,13,19.12,100.0,0.0,0.0
65,14,-5.49,100.0,0.0,0.0
65,15,344.62,100.0,0.0,30.0
65,16,1425.33,68.42105263157895,0.0,9.090622904148587
65,17,1131.45,58.85197589036991,0.0,8.302643915244703
65,18,800.4,50.11235071642811,0.0,14.278619800064495
65,19,245.57,35.08222461109706,0.0,12.966908726687164
65,20,73.79,21.43284700405794,0.0,20.361204653855044
65,21,31.43,0.0,0.0,0.0
65,22,33.91,0.0,0.0,0.0
65,23,33.41,0.0,0.0,0.0
65,24,24.39,0.0,0.0,0.0
66,1,17.48,0.0,0.0,0.0
66,2,18.32,0.0,0.0,0.0
66,3,18.26,0.0,0.0,0.0
66,4,15.98,0.0,15.263157894736842,0.0
66,5,15.05,14.5,30.0,0.0
66,6,13.9,43.0,30.0,0.0
66,7,14.18,71.5,30.0,0.0
66,8,15.96,100.0,0.0,0.0
66,9,17.61,100.0,0.0,0.0
66,10,18.93,100.0,0.0,0.0
66,11,18.13,100.0,0.0,0.0
66,12,29.7,100.0,0.0,0.0
66,13,30.41,100.0,0.0,0.0
66,14,49.8,100.0,0.0,0.0
66,15,29.07,100.0,0.0,30.0
66,16,46.68,68.42105263157895,0.0,9.090622904148587
66,17,59.12,58.85197589036991,0.0,8.302643915244703
66,18,61.98,50.11235071642811,0.0,14.278619800064495
66,19,44.31,35.08222461109706,0.0,12.966908726687164
66,20,38.13,21.43284700405794,0.0,20.361204653855044
66,21,31.71,0.0,0.0,0.0
66,22,26.9,0.0,0.0,0.0
66,23,29.52,0.0,0.0,0.0
66,24,23.0,0.0,0.0,0.0
67,1,17.48,0.0,0.0,0.0
67,2,21.68,0.0,0.0,0.0
67,3,19.6,0.0,0.0,0.0
67,4,17.66,0.0,15.263157894736842,0.0
67,5,16.72,14.5,30.0,0.0
67,6,13.66,43.0,30.0,0.0
67,7,13.91,71.5,30.0,0.0
67,8,13.4,100.0,0.0,0.0
67,9,15.45,100.0,0.0,0.0
67,10,15.07,100.0,0.0,0.0
67,11,14.14,100.0,0.0,0.0
67,12,23.35,100.0,0.0,0.0
67,13,27.0,100.0,0.0,0.0
67,14,47.34,100.0,0.0,0.0
67,15,47.53,100.0,0.0,30.0
67,16,68.77,68.42105263157895,0.0,9.090622904148587
67,17,78.29,58.85197589036991,0.0,8.302643915244703
67,18,90.75,50.11235071642811,0.0,14.278619800064495
67,19,61.88,35.08222461109706,0.0,12.966908726687164
67,20,44.92,21.43284700405794,0.0,20.361204653855044
67,21,35.66,0.0,0.0,0.0
67,22,29.6,0.0,0.0,0.0
67,23,28.85,0.0,0.0,0.0
67,24,21.57,0.0,0.0,0.0
68,1,14.87,0.0,0.0,0.0
68,2,15.0,0.0,0.0,0.0
68,3,15.14,0.0,0.0,0.0
68,4,14.22,0.0,15.263157894736842,0.0
68,5,14.35,14.5,30.0,0.0
68,6,13.65,43.0,30.0,0.0
68,7,16.16,71.5,30.0,0.0
68,8,16.75,100.0,0.0,0.0
68,9,17.8,100.0,0.0,0.0
68,10,18.65,100.0,0.0,0.0
68,11,18.73,100.0,0.0,0.0
68,12,23.04,100.0,0.0,0.0
68,13,27.36,100.0,0.0,0.0
68,14,42.54,100.0,0.0,0.0
68,15,45.06,100.0,0.0,30.0
68,16,73.57,68.42105263157895,0.0,9.090622904148587
68,17,81.96,58.85197589036991,0.0,8.302643915244703
68,18,63.64,50.11235071642811,0.0,14.278619800064495
68,19,43.51,35.08222461109706,0.0,12.966908726687164
68,20,34.02,21.43284700405794,0.0,20.361204653855044
68,21,28.49,0.0,0.0,0.0
68,22,23.91,0.0,0.0,0.0
68,23,25.62,0.0,0.0,0.0
68,24,20.57,0.0,0.0,0.0
69,1,21.03,0.0,0.0,0.0
69,2,18.03,0.0,0.0,0.0
69,3,17.52,0.0,0.0,0.0
69,4,16.8,0.0,15.263157894736842,0.0
69,5,16.29,14.5,30.0,0.0
69,6,15.0,43.0,30.0,0.0
69,7,14.8,71.5,30.0,0.0
69,8,13.86,100.0,0.0,0.0
69,9,14.31,100.0,0.0,0.0
69,10,16.54,100.0,0.0,0.0
69,11,17.61,100.0,0.0,0.0
69,12,21.0,100.0,0.0,0.0
69,13,26.24,100.0,0.0,0.0
69,14,44.23,100.0,0.0,0.0
69,15,37.0,100.0,0.0,30.0
69,16,59.06,68.42105263157895,0.0,9.090622904148587
69,17,87.24,58.85197589036991,0.0,8.302643915244703
69,18,63.74,50.11235071642811,0.0,14.278619800064495
69,19,53.75,35.08222461109706,0.0,12.966908726687164
69,20,40.03,21.43284700405794,0.0,20.361204653855044
69,21,32.9,0.0,0.0,0.0
69,22,26.08,0.0,0.0,0.0
69,23,28.46,0.0,0.0,0.0
69,24,26.48,0.0,0.0,0.0
70,1,17.63,0.0,0.0,0.0
70,2,17.7,0.0,0.0,0.0
70,3,18.43,0.0,0.0,0.0
70,4,16.18,0.0,15.263157894736842,0.0
70,5,15.6,14.5,30.0,0.0
70,6,14.25,43.0,30.0,0.0
70,7,14.43,71.5,30.0,0.0
70,8,15.03,100.0,0.0,0.0
70,9,17.79,100.0,0.0,0.0
70,10,18.71,100.0,0.0,0.0
70,11,23.18,100.0,0.0,0.0
70,12,29.73,100.0,0.0,0.0
70,13,36.86,100.0,0.0,0.0
70,14,52.34,100.0,0.0,0.0
70,15,69.22,100.0,0.0,30.0
70,16,64.59,68.42105263157895,0.0,9.090622904148587
70,17,67.73,58.85197589036991,0.0,8.302643915244703
70,18,255.28,50.11235071642811,0.0,14.278619800064495
70,19,189.02,35.08222461109706,0.0,12.966908726687164
70,20,58.54,21.43284700405794,0.0,20.361204653855044
70,21,34.77,0.0,0.0,0.0
70,22,33.19,0.0,0.0,0.0
70,23,24.64,0.0,0.0,0.0
70,24,25.69,0.0,0.0,0.0
71,1,17.65,0.0,0.0,0.0
71,2,17.93,0.0,0.0,0.0
71,3,16.39,0.0,0.0,0.0
71,4,14.97,0.0,15.263157894736842,0.0
71,5,14.42,14.5,30.0,0.0
71,6,13.7,43.0,30.0,0.0
71,7,14.68,71.5,30.0,0.0
71,8,16.11,100.0,0.0,0.0
71,9,16.85,100.0,0.0,0.0
71,10,17.93,100.0,0.0,0.0
71,11,19.53,100.0,0.0,0.0
71,12,25.36,100.0,0.0,0.0
71,13,28.37,100.0,0.0,0.0
71,14,44.7,100.0,0.0,0.0
71,15,46.2,100.0,0.0,30.0
71,16,67.12,68.42105263157895,0.0,9.090622904148587
71,17,62.49,58.85197589036991,0.0,8.302643915244703
71,18,53.81,50.11235071642811,0.0,14.278619800064495
71,19,40.73,35.08222461109706,0.0,12.966908726687164
71,20,29.45,21.43284700405794,0.0,20.361204653855044
71,21,30.36,0.0,0.0,0.0
71,22,23.34,0.0,0.0,0.0
71,23,21.09,0.0,0.0,0.0
71,24,18.26,0.0,0.0,0.0
72,1,18.86,0.0,0.0,0.0
72,2,17.87,0.0,0.0,0.0
72,3,16.7,0.0,0.0,0.0
72,4,15.57,0.0,15.263157894736842,0.0
72,5,15.0,14.5,30.0,0.0
72,6,13.44,43.0,30.0,0.0
72,7,14.28,71.5,30.0,0.0
72,8,15.92,100.0,0.0,0.0
72,9,17.01,100.0,0.0,0.0
72,10,18.75,100.0,0.0,0.0
72,11,18.62,100.0,0.0,0.0
72,12,23.42,100.0,0.0,0.0
72,13,29.57,100.0,0.0,0.0
72,14,47.97,100.0,0.0,0.0
72,15,36.09,100.0,0.0,30.0
72,16,59.36,68.42105263157895,0.0,9.090622904148587
72,17,69.59,58.85197589036991,0.0,8.302643915244703
72,18,60.96,50.11235071642811,0.0,14.278619800064495
72,19,46.42,35.08222461109706,0.0,12.966908726687164
72,20,76.01,21.43284700405794,0.0,20.361204653855044
72,21,33.14,0.0,0.0,0.0
72,22,29.83,0.0,0.0,0.0
72,23,31.47,0.0,0.0,0.0
72,24,23.08,0.0,0.0,0.0
73,1,17.15,0.0,0.0,0.0
73,2,15.75,0.0,0.0,0.0
73,3,16.06,0.0,0.0,0.0
73,4,14.84,0.0,15.263157894736842,0.0
73,5,14.81,14.5,30.0,0.0
73,6,14.41,43.0,30.0,0.0
73,7,15.19,71.5,30.0,0.0
73,8,15.71,100.0,0.0,0.0
73,9,16.14,100.0,0.0,0.0
73,10,16.76,100.0,0.0,0.0
73,11,18.2,100.0,0.0,0.0
73,12,27.36,100.0,0.0,0.0
73,13,30.25,100.0,0.0,0.0
73,14,53.56,100.0,0.0,0.0
73,15,52.34,100.0,0.0,30.0
73,16,71.39,68.42105263157895,0.0,9.090622904148587
73,17,71.62,58.85197589036991,0.0,8.302643915244703
73,18,59.01,50.11235071642811,0.0,14.278619800064495
73,19,40.1,35.08222461109706,0.0,12.966908726687164
73,20,33.6,21.43284700405794,0.0,20.361204653855044
73,21,26.95,0.0,0.0,0.0
73,22,23.53,0.0,0.0,0.0
73,23,29.01,0.0,0.0,0.0
73,24,21.65,0.0,0.0,0.0
74,1,17.12,0.0,0.0,0.0
74,2,16.52,0.0,0.0,0.0
74,3,16.6,0.0,0.0,0.0
74,4,15.47,0.0,15.263157894736842,0.0
74,5,15.36,14.5,30.0,0.0
74,6,14.14,43.0,30.0,0.0
74,7,15.06,71.5,30.0,0.0
74,8,17.02,100.0,0.0,0.0
74,9,18.19,100.0,0.0,0.0
74,10,19.49,100.0,0.0,0.0
74,11,21.34,100.0,0.0,0.0
74,12,28.87,100.0,0.0,0.0
74,13,31.24,100.0,0.0,0.0
74,14,48.19,100.0,0.0,0.0
74,15,47.89,100.0,0.0,30.0
74,16,117.74,68.42105263157895,0.0,9.090622904148587
74,17,101.69,58.85197589036991,0.0,8.302643915244703
74,18,61.12,50.11235071642811,0.0,14.278619800064495
74,19,49.17,35.08222461109706,0.0,12.966908726687164
74,20,38.58,21.43284700405794,0.0,20.361204653855044
74,21,31.72,0.0,0.0,0.0
74,22,29.83,0.0,0.0,0.0
74,23,28.19,0.0,0.0,0.0
74,24,23.51,0.0,0.0,0.0
75,1,17.18,0.0,0.0,0.0
75,2,22.57,0.0,0.0,0.0
75,3,18.26,0.0,0.0,0.0
75,4,16.23,0.0,15.263157894736842,0.0
75,5,15.98,14.5,30.0,0.0
75,6,14.43,43.0,30.0,0.0
75,7,14.13,71.5,30.0,0.0
75,8,15.24,100.0,0.0,0.0
75,9,15.48,100.0,0.0,0.0
75,10,15.76,100.0,0.0,0.0
75,11,18.98,100.0,0.0,0.0
75,12,24.19,100.0,0.0,0.0
75,13,27.13,100.0,0.0,0.0
75,14,47.05,100.0,0.0,0.0
75,15,33.1,100.0,0.0,30.0
75,16,61.38,68.42105263157895,0.0,9.090622904148587
75,17,69.52,58.85197589036991,0.0,8.302643915244703
75,18,58.13,50.11235071642811,0.0,14.278619800064495
75,19,42.76,35.08222461109706,0.0,12.966908726687164
75,20,36.89,21.43284700405794,0.0,20.361204653855044
75,21,30.71,0.0,0.0,0.0
75,22,27.82,0.0,0.0,0.0
75,23,27.92,0.0,0.0,0.0
75,24,26.92,0.0,0.0,0.0
76,1,17.12,0.0,0.0,0.0
76,2,16.03,0.0,0.0,0.0
76,3,15.04,0.0,0.0,0.0
76,4,13.54,0.0,15.263157894736842,0.0
76,5,13.84,14.5,30.0,0.0
76,6,12.97,43.0,30.0,0.0
76,7,15.55,71.5,30.0,0.0
76,8,16.18,100.0,0.0,0.0
76,9,16.06,100.0,0.0,0.0
76,10,20.21,100.0,0.0,0.0
76,11,23.56,100.0,0.0,0.0
76,12,27.64,100.0,0.0,0.0
76,13,32.19,100.0,0.0,0.0
76,14,51.95,100.0,0.0,0.0
76,15,53.01,100.0,0.0,30.0
76,16,76.41,68.42105263157895,0.0,9.090622904148587
76,17,69.17,58.85197589036991,0.0,8.302643915244703
76,18,67.97,50.11235071642811,0.0,14.278619800064495
76,19,47.05,35.08222461109706,0.0,12.966908726687164
76,20,41.94,21.43284700405794,0.0,20.361204653855044
76,21,34.45,0.0,0.0,0.0
76,22,27.15,0.0,0.0,0.0
76,23,28.63,0.0,0.0,0.0
76,24,20.18,0.0,0.0,0.0
77,1,18.89,0.0,0.0,0.0
77,2,16.87,0.0,0.0,0.0
77,3,18.84,0.0,0.0,0.0
77,4,18.59,0.0,15.263157894736842,0.0
77,5,6.84,14.5,30.0,0.0
77,6,9.58,43.0,30.0,0.0
77,7,8.59,71.5,30.0,0.0
77,8,12.15,100.0,0.0,0.0
77,9,3.41,100.0,0.0,0.0
77,10,17.04,100.0,0.0,0.0
77,11,19.09,100.0,0.0,0.0
77,12,17.29,100.0,0.0,0.0
77,13,6.15,100.0,0.0,0.0
77,14,-18.33,100.0,0.0,0.0
77,15,442.78,100.0,0.0,30.0
77,16,1461.22,68.42105263157895,0.0,9.090622904148587
77,17,1599.9,58.85197589036991,0.0,8.302643915244703
77,18,930.3,50.11235071642811,0.0,14.278619800064495
77,19,-46.35,35.08222461109706,0.0,12.966908726687164
77,20,27.88,21.43284700405794,0.0,20.361204653855044
77,21,36.21,0.0,0.0,0.0
77,22,28.67,0.0,0.0,0.0
77,23,33.02,0.0,0.0,0.0
77,24,25.0,0.0,0.0,0.0
78,1,18.79,0.0,0.0,0.0
78,2,16.9,0.0,0.0,0.0
78,3,16.97,0.0,0.0,0.0
78,4,15.57,0.0,15.263157894736842,0.0
78,5,15.04,14.5,30.0,0.0
78,6,11.53,43.0,30.0,0.0
78,7,13.66,71.5,30.0,0.0
78,8,16.01,100.0,0.0,0.0
78,9,17.72,100.0,0.0,0.0
78,10,17.32,100.0,0.0,0.0
78,11,20.01,100.0,0.0,0.0
78,12,29.2,100.0,0.0,0.0
78,13,34.53,100.0,0.0,0.0
78,14,60.39,100.0,0.0,0.0
78,15,52.86,100.0,0.0,30.0
78,16,63.69,68.42105263157895,0.0,9.090622904148587
78,17,94.1,58.85197589036991,0.0,8.302643915244703
78,18,81.14,50.11235071642811,0.0,14.278619800064495
78,19,52.49,35.08222461109706,0.0,12.966908726687164
78,20,40.7,21.43284700405794,0.0,20.361204653855044
78,21,34.48,0.0,0.0,0.0
78,22,30.23,0.0,0.0,0.0
78,23,29.49,0.0,0.0,0.0
78,24,27.44,0.0,0.0,0.0
79,1,18.86,0.0,0.0,0.0
79,2,16.39,0.0,0.0,0.0
79,3,17.34,0.0,0.0,0.0
79,4,16.07,0.0,15.263157894736842,0.0
79,5,15.68,14.5,30.0,0.0
79,6,13.49,43.0,30.0,0.0
79,7,15.32,71.5,30.0,0.0
79,8,15.54,100.0,0.0,0.0
79,9,17.26,100.0,0.0,0.0
79,10,17.47,100.0,0.0,0.0
79,11,19.87,100.0,0.0,0.0
79,12,21.95,100.0,0.0,0.0
79,13,28.27,100.0,0.0,0.0
79,14,49.75,100.0,0.0,0.0
79,15,53.77,100.0,0.0,30.0
79,16,94.11,68.42105263157895,0.0,9.090622904148587
79,17,76.8,58.85197589036991,0.0,8.302643915244703
79,18,61.28,50.11235071642811,0.0,14.278619800064495
79,19,46.04,35.08222461109706,0.0,12.966908726687164
79,20,38.54,21.43284700405794,0.0,20.361204653855044
79,21,33.08,0.0,0.0,0.0
79,22,29.57,0.0,0.0,0.0
79,23,28.69,0.0,0.0,0.0
79,24,23.61,0.0,0.0,0.0
80,1,18.21,0.0,0.0,0.0
80,2,16.95,0.0,0.0,0.0
80,3,16.93,0.0,0.0,0.0
80,4,16.39,0.0,15.263157894736842,0.0
80,5,15.96,14.5,30.0,0.0
80,6,13.92,43.0,30.0,0.0
80,7,15.64,71.5,30.0,0.0
80,8,16.69,100.0,0.0,0.0
80,9,18.0,100.0,0.0,0.0
80,10,20.26,100.0,0.0,0.0
80,11,26.64,100.0,0.0,0.0
80,12,29.09,100.0,0.0,0.0
80,13,35.33,100.0,0.0,0.0
80,14,54.52,100.0,0.0,0.0
80,15,48.59,100.0,0.0,30.0
80,16,77.78,68.42105263157895,0.0,9.090622904148587
80,17,103.22,58.85197589036991,0.0,8.302643915244703
80,18,71.67,50.11235071642811,0.0,14.278619800064495
80,19,73.56,35.08222461109706,0.0,12.966908726687164
80,20,40.76,21.43284700405794,0.0,20.361204653855044
80,21,36.93,0.0,0.0,0.0
80,22,32.35,0.0,0.0,0.0
80,23,31.62,0.0,0.0,0.0
80,24,23.28,0.0,0.0,0.0
81,1,11.27,0.0,0.0,0.0
81,2,12.4,0.0,0.0,0.0
81,3,14.58,0.0,0.0,0.0
81,4,13.28,0.0,15.263157894736842,0.0
81,5,12.68,14.5,30.0,0.0
81,6,11.89,43.0,30.0,0.0
81,7,11.95,71.5,30.0,0.0
81,8,12.01,100.0,0.0,0.0
81,9,14.37,100.0,0.0,0.0
81,10,13.7,100.0,0.0,0.0
81,11,6.29,100.0,0.0,0.0
81,12,17.75,100.0,0.0,0.0
81,13,26.89,100.0,0.0,0.0
81,14,51.16,100.0,0.0,0.0
81,15,42.02,100.0,0.0,30.0
81,16,46.0,68.42105263157895,0.0,9.090622904148587
81,17,48.91,58.85197589036991,0.0,8.302643915244703
81,18,73.79,50.11235071642811,0.0,14.278619800064495
81,19,54.39,35.08222461109706,0.0,12.966908726687164
81,20,39.31,21.43284700405794,0.0,20.361204653855044
81,21,32.12,0.0,0.0,0.0
81,22,23.87,0.0,0.0,0.0
81,23,23.03,0.0,0.0,0.0
81,24,19.01,0.0,0.0,0.0
82,1,20.24,0.0,0.0,0.0
82,2,15.89,0.0,0.0,0.0
82,3,15.33,0.0,0.0,0.0
82,4,14.47,0.0,15.263157894736842,0.0
82,5,13.39,14.5,30.0,0.0
82,6,11.96,43.0,30.0,0.0
82,7,13.48,71.5,30.0,0.0
82,8,14.69,100.0,0.0,0.0
82,9,15.7,100.0,0.0,0.0
82,10,15.13,100.0,0.0,0.0
82,11,12.34,100.0,0.0,0.0
82,12,14.58,100.0,0.0,0.0
82,13,16.33,100.0,0.0,0.0
82,14,-8.65,100.0,0.0,0.0
82,15,-106.69,100.0,0.0,30.0
82,16,-155.98,68.42105263157895,0.0,9.090622904148587
82,17,-64.83,58.85197589036991,0.0,8.302643915244703
82,18,84.95,50.11235071642811,0.0,14.278619800064495
82,19,78.93,35.08222461109706,0.0,12.966908726687164
82,20,37.34,21.43284700405794,0.0,20.361204653855044
82,21,31.51,0.0,0.0,0.0
82,22,27.53,0.0,0.0,0.0
82,23,27.19,0.0,0.0,0.0
82,24,24.97,0.0,0.0,0.0
83,1,15.21,0.0,0.0,0.0
83,2,15.35,0.0,0.0,0.0
83,3,14.91,0.0,0.0,0.0
83,4,13.86,0.0,15.263157894736842,0.0
83,5,13.26,14.5,30.0,0.0
83,6,10.89,43.0,30.0,0.0
83,7,11.56,71.5,30.0,0.0
83,8,12.75,100.0,0.0,0.0
83,9,13.77,100.0,0.0,0.0
83,10,17.06,100.0,0.0,0.0
83,11,19.06,100.0,0.0,0.0
83,12,28.93,100.0,0.0,0.0
83,13,38.09,100.0,0.0,0.0
83,14,62.37,100.0,0.0,0.0
83,15,60.06,100.0,0.0,30.0
83,16,85.02,68.42105263157895,0.0,9.090622904148587
83,17,90.97,58.85197589036991,0.0,8.302643915244703
83,18,66.8,50.11235071642811,0.0,14.278619800064495
83,19,47.19,35.08222461109706,0.0,12.966908726687164
83,20,36.01,21.43284700405794,0.0,20.361204653855044
83,21,28.17,0.0,0.0,0.0
83,22,22.97,0.0,0.0,0.0
83,23,22.14,0.0,0.0,0.0
83,24,18.49,0.0,0.0,0.0
84,1,18.62,0.0,0.0,0.0
84,2,16.37,0.0,0.0,0.0
84,3,17.35,0.0,0.0,0.0
84,4,17.11,0.0,15.263157894736842,0.0
84,5,16.76,14.5,30.0,0.0
84,6,15.21,43.0,30.0,0.0
84,7,15.6,71.5,30.0,0.0
84,8,16.73,100.0,0.0,0.0
84,9,19.13,100.0,0.0,0.0
84,10,19.71,100.0,0.0,0.0
84,11,21.56,100.0,0.0,0.0
84,12,27.29,100.0,0.0,0.0
84,13,31.24,100.0,0.0,0.0
84,14,64.46,100.0,0.0,0.0
84,15,62.26,100.0,0.0,30.0
84,16,99.14,68.42105263157895,0.0,9.090622904148587
84,17,105.01,58.85197589036991,0.0,8.302643915244703
84,18,85.63,50.11235071642811,0.0,14.278619800064495
84,19,53.47,35.08222461109706,0.0,12.966908726687164
84,20,37.6,21.43284700405794,0.0,20.361204653855044
84,21,31.72,0.0,0.0,0.0
84,22,50.15,0.0,0.0,0.0
84,23,26.55,0.0,0.0,0.0
84,24,23.25,0.0,0.0,0.0
85,1,17.95,0.0,0.0,0.0
85,2,15.8,0.0,0.0,0.0
85,3,14.85,0.0,0.0,0.0
85,4,13.91,0.0,15.263157894736842,0.0
85,5,13.57,14.5,30.0,0.0
85,6,12.48,43.0,30.0,0.0
85,7,14.46,71.5,30.0,0.0
85,8,16.08,100.0,0.0,0.0
85,9,18.55,100.0,0.0,0.0
85,10,20.22,100.0,0.0,0.0
85,11,23.59,100.0,0.0,0.0
85,12,27.72,100.0,0.0,0.0
85,13,30.17,100.0,0.0,0.0
85,14,50.35,100.0,0.0,0.0
85,15,53.19,100.0,0.0,30.0
85,16,79.93,68.42105263157895,0.0,9.090622904148587
85,17,91.6,58.85197589036991,0.0,8.302643915244703
85,18,79.75,50.11235071642811,0.0,14.278619800064495
85,19,62.08,35.08222461109706,0.0,12.966908726687164
85,20,40.05,21.43284700405794,0.0,20.361204653855044
85,21,35.63,0.0,0.0,0.0
85,22,27.13,0.0,0.0,0.0
85,23,43.16,0.0,0.0,0.0
85,24,22.11,0.0,0.0,0.0
86,1,17.56,0.0,0.0,0.0
86,2,16.25,0.0,0.0,0.0
86,3,14.77,0.0,0.0,0.0
86,4,13.54,0.0,15.263157894736842,0.0
86,5,13.01,14.5,30.0,0.0
86,6,11.82,43.0,30.0,0.0
86,7,12.57,71.5,30.0,0.0
86,8,14.62,100.0,0.0,0.0
86,9,15.94,100.0,0.0,0.0
86,10,15.04,100.0,0.0,0.0
86,11,14.82,100.0,0.0,0.0
86,12,19.59,100.0,0.0,0.0
86,13,26.3,100.0,0.0,0.0
86,14,40.11,100.0,0.0,0.0
86,15,28.27,100.0,0.0,30.0
86,16,40.7,68.42105263157895,0.0,9.090622904148587
86,17,70.57,58.85197589036991,0.0,8.302643915244703
86,18,49.33,50.11235071642811,0.0,14.278619800064495
86,19,45.71,35.08222461109706,0.0,12.966908726687164
86,20,34.66,21.43284700405794,0.0,20.361204653855044
86,21,29.16,0.0,0.0,0.0
86,22,27.33,0.0,0.0,0.0
86,23,25.65,0.0,0.0,0.0
86,24,25.4,0.0,0.0,0.0
87,1,17.92,0.0,0.0,0.0
87,2,15.48,0.0,0.0,0.0
87,3,15.59,0.0,0.0,0.0
87,4,14.52,0.0,15.263157894736842,0.0
87,5,13.12,14.5,30.0,0.0
87,6,11.87,43.0,30.0,0.0
87,7,10.89,71.5,30.0,0.0
87,8,13.11,100.0,0.0,0.0
87,9,15.43,100.0,0.0,0.0
87,10,17.58,100.0,0.0,0.0
87,11,15.87,100.0,0.0,0.0
87,12,24.86,100.0,0.0,0.0
87,13,26.85,100.0,0.0,0.0
87,14,47.48,100.0,0.0,0.0
87,15,30.9,100.0,0.0,30.0
87,16,43.62,68.42105263157895,0.0,9.090622904148587
87,17,65.53,58.85197589036991,0.0,8.302643915244703
87,18,63.02,50.11235071642811,0.0,14.278619800064495
87,19,43.47,35.08222461109706,0.0,12.966908726687164
87,20,32.21,21.43284700405794,0.0,20.361204653855044
87,21,29.52,0.0,0.0,0.0
87,22,24.41,0.0,0.0,0.0
87,23,28.96,0.0,0.0,0.0
87,24,25.07,0.0,0.0,0.0
88,1,17.06,0.0,0.0,0.0
88,2,17.32,0.0,0.0,0.0
88,3,17.42,0.0,0.0,0.0
88,4,16.25,0.0,15.263157894736842,0.0
88,5,15.25,14.5,30.0,0.0
88,6,14.1,43.0,30.0,0.0
88,7,15.72,71.5,30.0,0.0
88,8,16.4,100.0,0.0,0.0
88,9,17.47,100.0,0.0,0.0
88,10,17.7,100.0,0.0,0.0
88,11,19.51,100.0,0.0,0.0
88,12,24.39,100.0,0.0,0.0
88,13,25.09,100.0,0.0,0.0
88,14,44.69,100.0,0.0,0.0
88,15,44.29,100.0,0.0,30.0
88,16,65.12,68.42105263157895,0.0,9.090622904148587
88,17,80.2,58.85197589036991,0.0,8.302643915244703
88,18,124.19,50.11235071642811,0.0,14.278619800064495
88,19,129.68,35.08222461109706,0.0,12.966908726687164
88,20,66.23,21.43284700405794,0.0,20.361204653855044
88,21,32.33,0.0,0.0,0.0
88,22,27.94,0.0,0.0,0.0
88,23,27.57,0.0,0.0,0.0
88,24,19.15,0.0,0.0,0.0
89,1,15.2,0.0,0.0,0.0
89,2,35.89,0.0,0.0,0.0
89,3,23.17,0.0,0.0,0.0
89,4,17.22,0.0,15.263157894736842,0.0
89,5,15.11,14.5,30.0,0.0
89,6,18.99,43.0,30.0,0.0
89,7,14.29,71.5,30.0,0.0
89,8,14.98,100.0,0.0,0.0
89,9,15.03,100.0,0.0,0.0
89,10,11.14,100.0,0.0,0.0
89,11,6.28,100.0,0.0,0.0
89,12,8.44,100.0,0.0,0.0
89,13,10.1,100.0,0.0,0.0
89,14,24.48,100.0,0.0,0.0
89,15,20.46,100.0,0.0,30.0
89,16,48.82,68.42105263157895,0.0,9.090622904148587
89,17,54.27,58.85197589036991,0.0,8.302643915244703
89,18,51.54,50.11235071642811,0.0,14.278619800064495
89,19,37.79,35.08222461109706,0.0,12.966908726687164
89,20,34.91,21.43284700405794,0.0,20.361204653855044
89,21,25.33,0.0,0.0,0.0
89,22,23.43,0.0,0.0,0.0
89,23,24.17,0.0,0.0,0.0
89,24,22.06,0.0,0.0,0.0
90,1,19.2,0.0,0.0,0.0
90,2,15.84,0.0,0.0,0.0
90,3,15.87,0.0,0.0,0.0
90,4,14.61,0.0,15.263157894736842,0.0
90,5,14.23,14.5,30.0,0.0
90,6,13.08,43.0,30.0,0.0
90,7,13.65,71.5,30.0,0.0
90,8,15.91,100.0,0.0,0.0
90,9,16.64,100.0,0.0,0.0
90,10,18.37,100.0,0.0,0.0
90,11,19.74,100.0,0.0,0.0
90,12,27.71,100.0,0.0,0.0
90,13,30.7,100.0,0.0,0.0
90,14,48.27,100.0,0.0,0.0
90,15,47.46,100.0,0.0,30.0
90,16,57.8,68.42105263157895,0.0,9.090622904148587
90,17,74.94,58.85197589036991,0.0,8.302643915244703
90,18,59.66,50.11235071642811,0.0,14.278619800064495
90,19,43.97,35.08222461109706,0.0,12.966908726687164
90,20,45.55,21.43284700405794,0.0,20.361204653855044
90,21,38.68,0.0,0.0,0.0
90,22,28.9,0.0,0.0,0.0
90,23,29.71,0.0,0.0,0.0
90,24,24.66,0.0,0.0,0.0
91,1,20.11,0.0,0.0,0.0
91,2,16.68,0.0,0.0,0.0
91,3,16.28,0.0,0.0,0.0
91,4,15.23,0.0,15.263157894736842,0.0
91,5,14.22,14.5,30.0,0.0
91,6,12.74,43.0,30.0,0.0
91,7,13.89,71.5,30.0,0.0
91,8,15.2,100.0,0.0,0.0
91,9,19.25,100.0,0.0,0.0
91,10,19.59,100.0,0.0,0.0
91,11,22.89,100.0,0.0,0.0
91,12,22.86,100.0,0.0,0.0
91,13,24.76,100.0,0.0,0.0
91,14,39.19,100.0,0.0,0.0
91,15,36.55,100.0,0.0,30.0
91,16,56.46,68.42105263157895,0.0,9.090622904148587
91,17,61.42,58.85197589036991,0.0,8.302643915244703
91,18,60.04,50.11235071642811,0.0,14.278619800064495
91,19,39.87,35.08222461109706,0.0,12.966908726687164
91,20,44.38,21.43284700405794,0.0,20.361204653855044
91,21,29.63,0.0,0.0,0.0
91,22,30.45,0.0,0.0,0.0
91,23,25.41,0.0,0.0,0.0
91,24,33.89,0.0,0.0,0.0
92,1,20.11,0.0,0.0,0.0
92,2,16.65,0.0,0.0,0.0
92,3,15.94,0.0,0.0,0.0
92,4,13.78,0.0,15.263157894736842,0.0
92,5,13.91,14.5,30.0,0.0
92,6,13.12,43.0,30.0,0.0
92,7,14.8,71.5,30.0,0.0
92,8,15.49,100.0,0.0,0.0
92,9,16.71,100.0,0.0,0.0
92,10,17.01,100.0,0.0,0.0
92,11,17.56,100.0,0.0,0.0
92,12,21.12,100.0,0.0,0.0
92,13,24.2,100.0,0.0,0.0
92,14,38.72,100.0,0.0,0.0
92,15,35.27,100.0,0.0,30.0
92,16,84.28,68.42105263157895,0.0,9.090622904148587
92,17,442.35,58.85197589036991,0.0,8.302643915244703
92,18,1417.15,50.11235071642811,0.0,14.278619800064495
92,19,388.25,35.08222461109706,0.0,12.966908726687164
92,20,39.49,21.43284700405794,0.0,20.361204653855044
92,21,34.29,0.0,0.0,0.0
92,22,32.33,0.0,0.0,0.0
92,23,28.81,0.0,0.0,0.0
92,24,22.61,0.0,0.0,0.0
93,1,17.86,0.0,0.0,0.0
93,2,14.93,0.0,0.0,0.0
93,3,15.8,0.0,0.0,0.0
93,4,15.05,0.0,15.263157894736842,0.0
93,5,15.19,14.5,30.0,0.0
93,6,14.15,43.0,30.0,0.0
93,7,13.31,71.5,30.0,0.0
93,8,17.66,100.0,0.0,0.0
93,9,19.58,100.0,0.0,0.0
93,10,19.75,100.0,0.0,0.0
93,11,23.32,100.0,0.0,0.0
93,12,30.33,100.0,0.0,0.0
93,13,39.12,100.0,0.0,0.0
93,14,61.76,100.0,0.0,0.0
93,15,56.89,100.0,0.0,30.0
93,16,81.34,68.42105263157895,0.0,9.090622904148587
93,17,85.75,58.85197589036991,0.0,8.302643915244703
93,18,72.89,50.11235071642811,0.0,14.278619800064495
93,19,49.59,35.08222461109706,0.0,12.966908726687164
93,20,37.28,21.43284700405794,0.0,20.361204653855044
93,21,33.78,0.0,0.0,0.0
93,22,31.55,0.0,0.0,0.0
93,23,28.78,0.0,0.0,0.0
93,24,22.66,0.0,0.0,0.0
94,1,19.96,0.0,0.0,0.0
94,2,17.76,0.0,0.0,0.0
94,3,16.89,0.0,0.0,0.0
94,4,16.06,0.0,15.263157894736842,0.0
94,5,15.28,14.5,30.0,0.0
94,6,12.84,43.0,30.0,0.0
94,7,13.51,71.5,30.0,0.0
94,8,15.89,100.0,0.0,0.0
94,9,16.27,100.0,0.0,0.0
94,10,17.66,100.0,0.0,0.0
94,11,19.05,100.0,0.0,0.0
94,12,27.2,100.0,0.0,0.0
94,13,30.72,100.0,0.0,0.0
94,14,49.56,100.0,0.0,0.0
94,15,45.2,100.0,0.0,30.0
94,16,70.19,68.42105263157895,0.0,9.090622904148587
94,17,81.0,58.85197589036991,0.0,8.302643915244703
94,18,73.94,50.11235071642811,0.0,14.278619800064495
94,19,46.01,35.08222461109706,0.0,12.966908726687164
94,20,37.87,21.43284700405794,0.0,20.361204653855044
94,21,31.49,0.0,0.0,0.0
94,22,28.07,0.0,0.0,0.0
94,23,26.07,0.0,0.0,0.0
94,24,21.82,0.0,0.0,0.0
95,1,20.14,0.0,0.0,0.0
95,2,17.35,0.0,0.0,0.0
95,3,16.15,0.0,0.0,0.0
95,4,14.69,0.0,15.263157894736842,0.0
95,5,14.52,14.5,30.0,0.0
95,6,13.39,43.0,30.0,0.0
95,7,14.02,71.5,30.0,0.0
95,8,16.18,100.0,0.0,0.0
95,9,17.05,100.0,0.0,0.0
95,10,17.45,100.0,0.0,0.0
95,11,15.43,100.0,0.0,0.0
95,12,24.98,100.0,0.0,0.0
95,13,26.69,100.0,0.0,0.0
95,14,40.07,100.0,0.0,0.0
95,15,30.34,100.0,0.0,30.0
95,16,43.03,68.42105263157895,0.0,9.090622904148587
95,17,65.02,58.85197589036991,0.0,8.302643915244703
95,18,56.22,50.11235071642811,0.0,14.278619800064495
95,19,42.94,35.08222461109706,0.0,12.966908726687164
95,20,37.24,21.43284700405794,0.0,20.361204653855044
95,21,31.97,0.0,0.0,0.0
95,22,27.89,0.0,0.0,0.0
95,23,29.64,0.0,0.0,0.0
95,24,24.91,0.0,0.0,0.0
96,1,18.33,0.0,0.0,0.0
96,2,17.16,0.0,0.0,0.0
96,3,18.65,0.0,0.0,0.0
96,4,16.09,0.0,15.263157894736842,0.0
96,5,14.24,14.5,30.0,0.0
96,6,12.29,43.0,30.0,0.0
96,7,13.35,71.5,30.0,0.0
96,8,16.4,100.0,0.0,0.0
96,9,18.7,100.0,0.0,0.0
96,10,19.99,100.0,0.0,0.0
96,11,17.94,100.0,0.0,0.0
96,12,17.61,100.0,0.0,0.0
96,13,29.92,100.0,0.0,0.0
96,14,50.39,100.0,0.0,0.0
96,15,42.66,100.0,0.0,30.0
96,16,67.66,68.42105263157895,0.0,9.090622904148587
96,17,86.98,58.85197589036991,0.0,8.302643915244703
96,18,73.09,50.11235071642811,0.0,14.278619800064495
96,19,50.6,35.08222461109706,0.0,12.966908726687164
96,20,37.09,21.43284700405794,0.0,20.361204653855044
96,21,32.48,0.0,0.0,0.0
96,22,27.12,0.0,0.0,0.0
96,23,27.57,0.0,0.0,0.0
96,24,21.07,0.0,0.0,0.0
97,1,17.27,0.0,0.0,0.0
97,2,16.93,0.0,0.0,0.0
97,3,16.41,0.0,0.0,0.0
97,4,15.26,0.0,15.263157894736842,0.0
97,5,14.55,14.5,30.0,0.0
97,6,13.73,43.0,30.0,0.0
97,7,13.25,71.5,30.0,0.0
97,8,15.12,100.0,0.0,0.0
97,9,15.56,100.0,0.0,0.0
97,10,16.26,100.0,0.0,0.0
97,11,15.52,100.0,0.0,0.0
97,12,17.85,100.0,0.0,0.0
97,13,21.54,100.0,0.0,0.0
97,14,37.88,100.0,0.0,0.0
97,15,33.97,100.0,0.0,30.0
97,16,34.26,68.42105263157895,0.0,9.090622904148587
97,17,40.75,58.85197589036991,0.0,8.302643915244703
97,18,53.67,50.11235071642811,0.0,14.278619800064495
97,19,37.86,35.08222461109706,0.0,12.966908726687164
97,20,31.51,21.43284700405794,0.0,20.361204653855044
97,21,19.76,0.0,0.0,0.0
97,22,19.32,0.0,0.0,0.0
97,23,27.73,0.0,0.0,0.0
97,24,19.59,0.0,0.0,0.0
98,1,18.49,0.0,0.0,0.0
98,2,16.01,0.0,0.0,0.0
98,3,16.17,0.0,0.0,0.0
98,4,15.26,0.0,15.263157894736842,0.0
98,5,14.99,14.5,30.0,0.0
98,6,13.39,43.0,30.0,0.0
98,7,14.46,71.5,30.0,0.0
98,8,15.22,100.0,0.0,0.0
98,9,15.72,100.0,0.0,0.0
98,10,17.87,100.0,0.0,0.0
98,11,17.33,100.0,0.0,0.0
98,12,21.49,100.0,0.0,0.0
98,13,28.41,100.0,0.0,0.0
98,14,49.01,100.0,0.0,0.0
98,15,40.75,100.0,0.0,30.0
98,16,46.34,68.42105263157895,0.0,9.090622904148587
98,17,48.35,58.85197589036991,0.0,8.302643915244703
98,18,48.54,50.11235071642811,0.0,14.278619800064495
98,19,37.71,35.08222461109706,0.0,12.966908726687164
98,20,34.85,21.43284700405794,0.0,20.361204653855044
98,21,29.6,0.0,0.0,0.0
98,22,27.21,0.0,0.0,0.0
98,23,28.84,0.0,0.0,0.0
98,24,21.04,0.0,0.0,0.0
99,1,22.28,0.0,0.0,0.0
99,2,15.57,0.0,0.0,0.0
99,3,15.34,0.0,0.0,0.0
99,4,14.23,0.0,15.263157894736842,0.0
99,5,14.13,14.5,30.0,0.0
99,6,13.41,43.0,30.0,0.0
99,7,14.37,71.5,30.0,0.0
99,8,16.88,100.0,0.0,0.0
99,9,17.86,100.0,0.0,0.0
99,10,18.47,100.0,0.0,0.0
99,11,19.97,100.0,0.0,0.0
99,12,26.97,100.0,0.0,0.0
99,13,33.62,100.0,0.0,0.0
99,14,60.09,100.0,0.0,0.0
99,15,65.74,100.0,0.0,30.0
99,16,115.71,68.42105263157895,0.0,9.090622904148587
99,17,147.41,58.85197589036991,0.0,8.302643915244703
99,18,100.04,50.11235071642811,0.0,14.278619800064495
99,19,42.32,35.08222461109706,0.0,12.966908726687164
99,20,51.87,21.43284700405794,0.0,20.361204653855044
99,21,36.73,0.0,0.0,0.0
99,22,29.43,0.0,0.0,0.0
99,23,28.99,0.0,0.0,0.0
99,24,21.7,0.0,0.0,0.0
100,1,18.77,0.0,0.0,0.0
100,2,16.33,0.0,0.0,0.0
100,3,16.39,0.0,0.0,0.0
100,4,15.62,0.0,15.263157894736842,0.0
100,5,15.33,14.5,30.0,0.0
100,6,14.13,43.0,30.0,0.0
100,7,14.68,71.5,30.0,0.0
100,8,15.64,100.0,0.0,0.0
100,9,17.45,100.0,0.0,0.0
100,10,19.4,100.0,0.0,0.0
100,11,21.44,100.0,0.0,0.0
100,12,25.05,100.0,0.0,0.0
100,13,33.39,100.0,0.0,0.0
100,14,54.61,100.0,0.0,0.0
100,15,51.51,100.0,0.0,30.0
100,16,91.43,68.42105263157895,0.0,9.090622904148587
100,17,112.65,58.85197589036991,0.0,8.302643915244703
100,18,74.94,50.11235071642811,0.0,14.278619800064495
100,19,66.53,35.08222461109706,0.0,12.966908726687164
100,20,51.24,21.43284700405794,0.0,20.361204653855044
100,21,107.8,0.0,0.0,0.0
100,22,30.73,0.0,0.0,0.0
100,23,32.04,0.0,0.0,0.0
100,24,26.15,0.0,0.0,0.0
